StartDate,EndDate,Status,IPAddress,Progress,Duration (in seconds),Finished,RecordedDate,ResponseId,RecipientLastName,RecipientFirstName,RecipientEmail,ExternalReference,LocationLatitude,LocationLongitude,DistributionChannel,UserLanguage,Consentement,Timer Video 1_First Click,Timer Video 1_Last Click,Timer Video 1_Page Submit,Timer Video 1_Click Count,vérité initiale 1 L,Conf. initiale 1_1,"Vérité post 1 (t,NH)","Conf. post 1 (t,NH) _1","influence 1 (t,NH) ","QO 1 (t,NH)",Timer Video 2_First Click,Timer Video 2_Last Click,Timer Video 2_Page Submit,Timer Video 2_Click Count,Vérité initale 2 L,Conf. initiale 2_1,"Vérité post 2 (t,H) ","Conf. post 2 (t,H) _1","influence 2 (t,H)","QO 2 (t,H)",Timer Video 3_First Click,Timer Video 3_Last Click,Timer Video 3_Page Submit,Timer Video 3_Click Count,Verite initiale 3 L,Conf. initiale 3_1,"verite post 3 (t,NH ","conf. post 3 (t,NH)_1","influence 3 (t,NH)","QO 3 (t,NH)",Timer Video 4_First Click,Timer Video 4_Last Click,Timer Video 4_Page Submit,Timer Video 4_Click Count,verite initiale 4 L,conf initale 4_1,"verite post 4 (t,H) ","conf. post 4 (t,H) _1","influence 4 (t,H)","QO 4 (t,H)",Timer Video 5_First Click,Timer Video 5_Last Click,Timer Video 5_Page Submit,Timer Video 5_Click Count,verite initiale 5 T,conf. initiale 5_1,"verite post 5 (t,NH","conf. post 5 (t,NH) _1","influence 5 (t,NH) ","QO 5 (t,NH) ",Timer Video 6_First Click,Timer Video 6_Last Click,Timer Video 6_Page Submit,Timer Video 6_Click Count,verite initiale 6 L,conf. initiale 6_1,"verite post 6 (t,H) ","conf. post 6 (t,H)_1","influence 6 (t,H)","QO 6 (t,H)",Timer video 7_First Click,Timer video 7_Last Click,Timer video 7_Page Submit,Timer video 7_Click Count,verite initiale 7 T,conf. initiale 7 _1,"verite post 7 (t,NH ","conf. post 7 (t,NH) _1","influence 7 (t,NH)","QO 7 (t,NH)",Timer Video 8_First Click,Timer Video 8_Last Click,Timer Video 8_Page Submit,Timer Video 8_Click Count,verite initiale 8 L,conf. initiale 8 _1,"verite post 8 (t,H) ","conf. post 8 (t,H)_1","influence 8 (t,H) ","QO 8 (t,H) ",Timer Video 9_First Click,Timer Video 9_Last Click,Timer Video 9_Page Submit,Timer Video 9_Click Count,verite initiale 9 T,conf. initiale 9_1,"verite post 9 (t,NH ","conf. post 9 (t,NH)_1","influence 9 (t,NH)","QO 9 (t,NH) ",Timer Video 10_First Click,Timer Video 10_Last Click,Timer Video 10_Page Submit,Timer Video 10_Click Count,verite initiale 10T ,conf. initiale 10  _1,"verite post 10 (t,H ","conf. post 10 (t,H)_1","influence 10 (t,H)","QO 10 (t,H) ","verite post 1 (a,NH ","conf. post 1 (a,NH)_1","influence 1 (a,NH)","QO 1 (a,NH) ","verite post 2 (a,H)","conf. post 2 (a,H)_1","influence 2 (a,H) ","QO 2 (a,H)","verite post 3 (a,NH ","conf. post 3 (a,NH)_1","influence 3 (a,NH)","QO 3 (a,NH)","verite post 4 (a,H)","conf. post 4 (a,H)_1","influence 4 (a,H) ","QO 4 (a,H)","verite post 5 (a,NH)","conf. post 5 (a,NH) _1","influence 5 (a,NH)","QO 5 (a,NH) ","verite post 6 (a,H)","conf. post 6 (a,H)_1","influence 6 (a,H)","QO 6 (a,H)","verite post 7 (a,NH ","conf. post 7 (a,NH) _1","influence 7 (a,NH) ","QO 7 (a,NH)","verite post 8 (a,H)","conf. post 8 (a,H)_1","influence 8 (a,H)","QO 8 (a,H) ","verite post 9 (a,NH)","conf. post 9 (a,NH)_1","influence 9 (a,NH)","QO 9 (a,NH) ","verite post 10 (a,H ","conf. post 10 (a,H)_1","influence 10 (a,H)","QO 10 (a,H)",Age,Gender,Education,Education,Origins,Q17,Q18,Q19,Q20,Q21,id,Source
Start Date,End Date,Response Type,IP Address,Progress,Duration (in seconds),Finished,Recorded Date,Response ID,Recipient Last Name,Recipient First Name,Recipient Email,External Data Reference,Location Latitude,Location Longitude,Distribution Channel,User Language,"Votre participation à cette étude est entièrement volontaire et anonyme. Vous pouvez interrompre votre participation à tout moment, sans justification ni conséquence. Toutes les données collectées seront strictement anonymisées et utilisées exclusivement à des fins de recherche.

En cochant la case ci-dessous, vous attestez avoir pris connaissance des objectifs de l’étude, acceptez d'y participer librement et consentez à l’utilisation de vos réponses dans le cadre de cette recherche.",Timing - Premier clic,Timing - Dernier clic,Timing - Envoi de page,Timing - Nombre de clics,Est-ce que la personne dit la vérité ?,À quel point êtes-vous sûr(e) de votre réponse ? - Confiance,"Après avoir reçu ce feedback, pensez-vous que la personne dit la vérité ?","Après avoir reçu ce feedback, à quel point êtes-vous sûr(e) de votre réponse ? - Confiance",Le feedback a-t-il influencé votre réponse ?,"Si oui, qu'est-ce qui a changé votre opinion ?",Timing - Premier clic,Timing - Dernier clic,Timing - Envoi de page,Timing - Nombre de clics,Est-ce que la personne dit la vérité ?,À quel point êtes-vous sûr(e) de votre réponse ? - Confiance,"Après avoir reçu ce feedback, pensez-vous que la personne dit la vérité ?","Après avoir reçu ce feedback, à quel point êtes-vous sûr(e) de votre réponse ? - Confiance",Le feedback a-t-il influencé votre réponse ?,"Si oui, qu'est-ce qui a changé votre opinion ?",Timing - Premier clic,Timing - Dernier clic,Timing - Envoi de page,Timing - Nombre de clics,Est-ce que la personne dit la vérité ?,À quel point êtes-vous sûr(e) de votre réponse ? - Confiance,"Après avoir reçu ce feedback, pensez-vous que la personne dit la vérité ?","Après avoir reçu ce feedback, à quel point êtes-vous sûr(e) de votre réponse ? - Confiance",Le feedback a-t-il influencé votre réponse ?,"Si oui, qu'est-ce qui a changé votre opinion ?",Timing - Premier clic,Timing - Dernier clic,Timing - Envoi de page,Timing - Nombre de clics,Est-ce que la personne dit la vérité ?,À quel point êtes-vous sûr(e) de votre réponse ? - Confiance,"Après avoir reçu ce feedback, pensez-vous que la personne dit la vérité ?","Après avoir reçu ce feedback, à quel point êtes-vous sûr(e) de votre réponse ? - Confiance",Le feedback a-t-il influencé votre réponse ?,"Si oui, qu'est-ce qui a changé votre opinion ?",Timing - Premier clic,Timing - Dernier clic,Timing - Envoi de page,Timing - Nombre de clics,Est-ce que la personne dit la vérité ?,À quel point êtes-vous sûr(e) de votre réponse ? - Confiance,"Après avoir reçu ce feedback, pensez-vous que la personne dit la vérité ?","Après avoir reçu ce feedback, à quel point êtes-vous sûr(e) de votre réponse ? - Confiance",Le feedback a-t-il influencé votre réponse ?,"Si oui, qu'est-ce qui a changé votre opinion ?",Timing - Premier clic,Timing - Dernier clic,Timing - Envoi de page,Timing - Nombre de clics,Est-ce que la personne dit la vérité ?,À quel point êtes-vous sûr(e) de votre réponse ? - Confiance,"Après avoir reçu ce feedback, pensez-vous que la personne dit la vérité ?","Après avoir reçu ce feedback, à quel point êtes-vous sûr(e) de votre réponse ? - Confiance",Le feedback a-t-il influencé votre réponse ?,"Si oui, qu'est-ce qui a changé votre opinion ?",Timing - Premier clic,Timing - Dernier clic,Timing - Envoi de page,Timing - Nombre de clics,Est-ce que la personne dit la vérité ?,À quel point êtes-vous sûr(e) de votre réponse ? - Confiance,"Après avoir reçu ce feedback, pensez-vous que la personne dit la vérité ?","Après avoir reçu ce feedback, à quel point êtes-vous sûr(e) de votre réponse ? - Confiance",Le feedback a-t-il influencé votre réponse ?,"Si oui, qu'est-ce qui a changé votre opinion ?",Timing - Premier clic,Timing - Dernier clic,Timing - Envoi de page,Timing - Nombre de clics,Est-ce que la personne dit la vérité ?,À quel point êtes-vous sûr(e) de votre réponse ? - Confiance,"Après avoir reçu ce feedback, pensez-vous que la personne dit la vérité ?","Après avoir reçu ce feedback, à quel point êtes-vous sûr(e) de votre réponse ? - Confiance",Le feedback a-t-il influencé votre réponse ?,"Si oui, qu'est-ce qui a changé votre opinion ?",Timing - Premier clic,Timing - Dernier clic,Timing - Envoi de page,Timing - Nombre de clics,Est-ce que la personne dit la vérité ?,À quel point êtes-vous sûr(e) de votre réponse ? - Confiance,"Après avoir reçu ce feedback, pensez-vous que la personne dit la vérité ?","Après avoir reçu ce feedback, à quel point êtes-vous sûr(e) de votre réponse ? - Confiance",Le feedback a-t-il influencé votre réponse ?,"Si oui, qu'est-ce qui a changé votre opinion ?",Timing - Premier clic,Timing - Dernier clic,Timing - Envoi de page,Timing - Nombre de clics,Est-ce que la personne dit la vérité ?,À quel point êtes-vous sûr(e) de votre réponse ? - Confiance,"Après avoir reçu ce feedback, pensez-vous que la personne dit la vérité ?","Après avoir reçu ce feedback, à quel point êtes-vous sûr(e) de votre réponse ? - Confiance",Le feedback a-t-il influencé votre réponse ?,"Si oui, qu'est-ce qui a changé votre opinion ?","Après avoir reçu ce feedback, pensez-vous que la personne dit la vérité ?","Après avoir reçu ce feedback, à quel point êtes-vous sûr(e) de votre réponse ? - Confiance",Le feedback a-t-il influencé votre réponse ?,"Si oui, qu'est-ce qui a changé votre opinion ?","Après avoir reçu ce feedback, pensez-vous que la personne dit la vérité ?","Après avoir reçu ce feedback, à quel point êtes-vous sûr(e) de votre réponse ? - Confiance",Le feedback a-t-il influencé votre réponse ?,"Si oui, qu'est-ce qui a changé votre opinion ?","Après avoir reçu ce feedback, pensez-vous que la personne dit la vérité ?","Après avoir reçu ce feedback, à quel point êtes-vous sûr(e) de votre réponse ? - Confiance",Le feedback a-t-il influencé votre réponse ?,"Si oui, qu'est-ce qui a changé votre opinion ?","Après avoir reçu ce feedback, pensez-vous que la personne dit la vérité ?","Après avoir reçu ce feedback, à quel point êtes-vous sûr(e) de votre réponse ? - Confiance",Le feedback a-t-il influencé votre réponse ?,"Si oui, qu'est-ce qui a changé votre opinion ?","Après avoir reçu ce feedback, pensez-vous que la personne dit la vérité ?","Après avoir reçu ce feedback, à quel point êtes-vous sûr(e) de votre réponse ? - Confiance",Le feedback a-t-il influencé votre réponse ?,"Si oui, qu'est-ce qui a changé votre opinion ?","Après avoir reçu ce feedback, pensez-vous que la personne dit la vérité ?","Après avoir reçu ce feedback, à quel point êtes-vous sûr(e) de votre réponse ? - Confiance",Le feedback a-t-il influencé votre réponse ?,"Si oui, qu'est-ce qui a changé votre opinion ?","Après avoir reçu ce feedback, pensez-vous que la personne dit la vérité ?","Après avoir reçu ce feedback, à quel point êtes-vous sûr(e) de votre réponse ? - Confiance",Le feedback a-t-il influencé votre réponse ?,"Si oui, qu'est-ce qui a changé votre opinion ?","Après avoir reçu ce feedback, pensez-vous que la personne dit la vérité ?","Après avoir reçu ce feedback, à quel point êtes-vous sûr(e) de votre réponse ? - Confiance",Le feedback a-t-il influencé votre réponse ?,"Si oui, qu'est-ce qui a changé votre opinion ?","Après avoir reçu ce feedback, pensez-vous que la personne dit la vérité ?","Après avoir reçu ce feedback, à quel point êtes-vous sûr(e) de votre réponse ? - Confiance",Le feedback a-t-il influencé votre réponse ?,"Si oui, qu'est-ce qui a changé votre opinion ?","Après avoir reçu ce feedback, pensez-vous que la personne dit la vérité ?","Après avoir reçu ce feedback, à quel point êtes-vous sûr(e) de votre réponse ? - Confiance",Le feedback a-t-il influencé votre réponse ?,"Si oui, qu'est-ce qui a changé votre opinion ?",Quel est votre âge ?,À quel genre vous identifiez-vous ?,Quel est votre niveau d'éducation le plus élevé ?,Quel est/était votre domaine d'étude / professionnel ?,Quel est votre pays d'origine ?,"En général, à quelle fréquence utilisez-vous des outils basés sur l'intelligence artificielle (ChatGPT, etc) ?",Dans quelle mesure comprenez-vous le fonctionnement interne de ces outils ?,Lesquelles de ces technologies utilisent de l'intelligence artificielle ?,Avez-vous étudié ou acquis de l'expérience technique en intelligence artificielle ?,Dans quelle mesure faites-vous confiance aux réponses fournies par une intelligence artificielle ?,id,Source
"{""ImportId"":""startDate"",""timeZone"":""America/Denver""}","{""ImportId"":""endDate"",""timeZone"":""America/Denver""}","{""ImportId"":""status""}","{""ImportId"":""ipAddress""}","{""ImportId"":""progress""}","{""ImportId"":""duration""}","{""ImportId"":""finished""}","{""ImportId"":""recordedDate"",""timeZone"":""America/Denver""}","{""ImportId"":""_recordId""}","{""ImportId"":""recipientLastName""}","{""ImportId"":""recipientFirstName""}","{""ImportId"":""recipientEmail""}","{""ImportId"":""externalDataReference""}","{""ImportId"":""locationLatitude""}","{""ImportId"":""locationLongitude""}","{""ImportId"":""distributionChannel""}","{""ImportId"":""userLanguage""}","{""ImportId"":""QID23""}","{""ImportId"":""QID264_FIRST_CLICK""}","{""ImportId"":""QID264_LAST_CLICK""}","{""ImportId"":""QID264_PAGE_SUBMIT""}","{""ImportId"":""QID264_CLICK_COUNT""}","{""ImportId"":""QID7""}","{""ImportId"":""QID8_1""}","{""ImportId"":""QID108""}","{""ImportId"":""QID109_1""}","{""ImportId"":""QID110""}","{""ImportId"":""QID111_TEXT""}","{""ImportId"":""QID266_FIRST_CLICK""}","{""ImportId"":""QID266_LAST_CLICK""}","{""ImportId"":""QID266_PAGE_SUBMIT""}","{""ImportId"":""QID266_CLICK_COUNT""}","{""ImportId"":""QID36""}","{""ImportId"":""QID37_1""}","{""ImportId"":""QID63""}","{""ImportId"":""QID64_1""}","{""ImportId"":""QID65""}","{""ImportId"":""QID66_TEXT""}","{""ImportId"":""QID267_FIRST_CLICK""}","{""ImportId"":""QID267_LAST_CLICK""}","{""ImportId"":""QID267_PAGE_SUBMIT""}","{""ImportId"":""QID267_CLICK_COUNT""}","{""ImportId"":""QID42""}","{""ImportId"":""QID43_1""}","{""ImportId"":""QID123""}","{""ImportId"":""QID124_1""}","{""ImportId"":""QID125""}","{""ImportId"":""QID126_TEXT""}","{""ImportId"":""QID268_FIRST_CLICK""}","{""ImportId"":""QID268_LAST_CLICK""}","{""ImportId"":""QID268_PAGE_SUBMIT""}","{""ImportId"":""QID268_CLICK_COUNT""}","{""ImportId"":""QID48""}","{""ImportId"":""QID49_1""}","{""ImportId"":""QID133""}","{""ImportId"":""QID134_1""}","{""ImportId"":""QID135""}","{""ImportId"":""QID136_TEXT""}","{""ImportId"":""QID269_FIRST_CLICK""}","{""ImportId"":""QID269_LAST_CLICK""}","{""ImportId"":""QID269_PAGE_SUBMIT""}","{""ImportId"":""QID269_CLICK_COUNT""}","{""ImportId"":""QID39""}","{""ImportId"":""QID40_1""}","{""ImportId"":""QID73""}","{""ImportId"":""QID74_1""}","{""ImportId"":""QID75""}","{""ImportId"":""QID76_TEXT""}","{""ImportId"":""QID270_FIRST_CLICK""}","{""ImportId"":""QID270_LAST_CLICK""}","{""ImportId"":""QID270_PAGE_SUBMIT""}","{""ImportId"":""QID270_CLICK_COUNT""}","{""ImportId"":""QID45""}","{""ImportId"":""QID46_1""}","{""ImportId"":""QID78""}","{""ImportId"":""QID79_1""}","{""ImportId"":""QID80""}","{""ImportId"":""QID81_TEXT""}","{""ImportId"":""QID271_FIRST_CLICK""}","{""ImportId"":""QID271_LAST_CLICK""}","{""ImportId"":""QID271_PAGE_SUBMIT""}","{""ImportId"":""QID271_CLICK_COUNT""}","{""ImportId"":""QID51""}","{""ImportId"":""QID52_1""}","{""ImportId"":""QID138""}","{""ImportId"":""QID139_1""}","{""ImportId"":""QID140""}","{""ImportId"":""QID141_TEXT""}","{""ImportId"":""QID272_FIRST_CLICK""}","{""ImportId"":""QID272_LAST_CLICK""}","{""ImportId"":""QID272_PAGE_SUBMIT""}","{""ImportId"":""QID272_CLICK_COUNT""}","{""ImportId"":""QID54""}","{""ImportId"":""QID55_1""}","{""ImportId"":""QID93""}","{""ImportId"":""QID94_1""}","{""ImportId"":""QID95""}","{""ImportId"":""QID96_TEXT""}","{""ImportId"":""QID273_FIRST_CLICK""}","{""ImportId"":""QID273_LAST_CLICK""}","{""ImportId"":""QID273_PAGE_SUBMIT""}","{""ImportId"":""QID273_CLICK_COUNT""}","{""ImportId"":""QID57""}","{""ImportId"":""QID58_1""}","{""ImportId"":""QID148""}","{""ImportId"":""QID149_1""}","{""ImportId"":""QID150""}","{""ImportId"":""QID151_TEXT""}","{""ImportId"":""QID274_FIRST_CLICK""}","{""ImportId"":""QID274_LAST_CLICK""}","{""ImportId"":""QID274_PAGE_SUBMIT""}","{""ImportId"":""QID274_CLICK_COUNT""}","{""ImportId"":""QID60""}","{""ImportId"":""QID61_1""}","{""ImportId"":""QID103""}","{""ImportId"":""QID104_1""}","{""ImportId"":""QID105""}","{""ImportId"":""QID106_TEXT""}","{""ImportId"":""QID200""}","{""ImportId"":""QID201_1""}","{""ImportId"":""QID202""}","{""ImportId"":""QID250_TEXT""}","{""ImportId"":""QID164""}","{""ImportId"":""QID165_1""}","{""ImportId"":""QID166""}","{""ImportId"":""QID241_TEXT""}","{""ImportId"":""QID212""}","{""ImportId"":""QID213_1""}","{""ImportId"":""QID214""}","{""ImportId"":""QID253_TEXT""}","{""ImportId"":""QID220""}","{""ImportId"":""QID221_1""}","{""ImportId"":""QID222""}","{""ImportId"":""QID254_TEXT""}","{""ImportId"":""QID168""}","{""ImportId"":""QID169_1""}","{""ImportId"":""QID170""}","{""ImportId"":""QID242_TEXT""}","{""ImportId"":""QID176""}","{""ImportId"":""QID177_1""}","{""ImportId"":""QID178""}","{""ImportId"":""QID244_TEXT""}","{""ImportId"":""QID224""}","{""ImportId"":""QID225_1""}","{""ImportId"":""QID226""}","{""ImportId"":""QID255_TEXT""}","{""ImportId"":""QID188""}","{""ImportId"":""QID189_1""}","{""ImportId"":""QID190""}","{""ImportId"":""QID247_TEXT""}","{""ImportId"":""QID232""}","{""ImportId"":""QID233_1""}","{""ImportId"":""QID234""}","{""ImportId"":""QID257_TEXT""}","{""ImportId"":""QID196""}","{""ImportId"":""QID197_1""}","{""ImportId"":""QID198""}","{""ImportId"":""QID249_TEXT""}","{""ImportId"":""QID4""}","{""ImportId"":""QID5""}","{""ImportId"":""QID6""}","{""ImportId"":""QID15_TEXT""}","{""ImportId"":""QID16_TEXT""}","{""ImportId"":""QID17""}","{""ImportId"":""QID18""}","{""ImportId"":""QID21""}","{""ImportId"":""QID19""}","{""ImportId"":""QID20""}","{""ImportId"":""id""}","{""ImportId"":""Source""}"
2025-03-04 13:08:42,2025-03-04 13:15:49,1,,100,427,1,2025-03-04 13:15:50,R_8KoMYiS7pLDRnTb,,,,,46.2075,6.1173,preview,FR,,,,,,,,,,,,,,,,,,,,,,,,,,,,,,,,,,,,,,,,,,,,,,,,,,,,,,,,,,,,,,,,,,,,,,,,,,,,,,,,,,,,,,,,,,,,,,,,,,,,,,,,,,,,,,,,,,,,,,,,,,,,,,,,,,,,,,,,,,,,,,,,,,,,,,,,,
2025-03-12 02:34:38,2025-03-12 02:35:28,1,,100,50,1,2025-03-12 02:35:28,R_8htFlTMqyNsXx6x,,,,,46.5163,6.5802,preview,FR,,,,,,,,,,,,,,,,,,,,,,,,,,,,,,,,,,,,,,,,,,,,,,,,,,,,,,,,,,,,,,,,,,,,,,,,,,,,,,,,,,,,,,,,,,,,,,,,,,,,,,,,,,,,,,,,,,,,,,,,,,,,,,,,,,,,,,,,,,,,,,,,,,,,,,,,,
2025-03-13 10:59:26,2025-03-13 11:03:14,1,,100,228,1,2025-03-13 11:03:15,R_89aiCGR6g3QzEOd,,,,,46.5163,6.5802,preview,FR,1,,,,,1,10,1,17,1,,,,,,1,32,1,19,1,,,,,,1,38,1,25,1,,,,,,1,40,1,23,1,,,,,,1,47,1,41,1,,,,,,1,57,1,29,1,,,,,,1,47,1,53,1,,,,,,1,43,1,30,1,,,,,,1,43,1,51,1,,,,,,1,59,1,49,1,,,,,,,,,,,,,,,,,,,,,,,,,,,,,,,,,,,,,,,,,,2,2,2,gegvr,bgrsbs,2,1,2,3,1,,
2025-03-14 01:09:01,2025-03-14 01:09:26,0,185.12.130.88,76,24,0,2025-03-14 01:12:01,R_2qBCQkuA3CFDdud,,,,,47.3779,8.5236,anonymous,FR,1,,,,,,,,,,,,,,,,,,,,,,,,,,,,,,,,,,,,,,,,,,,,,,,,,,,,,,,,,,,,,,,,,,,,,,,,,,,,,,,,,,,,,,,,,,,,,,,,,,,,,,,,,,,,,,,,,,,,,,,,,,,,,,,,,,,,,,,,,,,,,,,,,,,,,,,,
2025-04-02 04:07:37,2025-04-02 04:22:30,0,128.179.204.170,100,893,1,2025-04-02 04:22:31,R_8Do6YUFYQenUARY,,,,,46.5163,6.5802,anonymous,FR,1,1.785,35.728,38.002,11,1,87,,,,,1.232,58.062,59.406,19,2,68,,,,,1.313,33.555,33.919,7,1,64,,,,,1.656,20.552,21.277,8,2,85,,,,,1.156,21.836,22.554,9,1,77,,,,,1.716,76.985,77.723,14,2,58,,,,,5.362,28.486,28.893,6,1,74,,,,,5.37,29.55,30.292,6,1,88,,,,,1.036,21.45,22.102,10,2,46,,,,,2.557,33.32,33.347,10,2,41,,,,,1,54,1,,1,69,1,,1,62,1,,2,68,1,,1,91,1,,2,40,1,,1,87,1,,1,93,1,,2,25,1,,2,66,1,,2,1,5,Data science,France,5,5,"1,2,3,4,5,6,7,8,9,10",3,4,,
2025-04-02 04:50:45,2025-04-02 05:06:30,0,88.121.163.78,100,945,1,2025-04-02 05:06:30,R_3to1h0SPRWKMjoP,,,,,48.7123,7.8044,anonymous,FR,1,3.02,53.488,54.33,15,2,40,,,,,1.778,48.903,49.633,12,1,100,,,,,2.396,42.421,44.03,8,2,90,,,,,1.32,42.059,42.701,11,2,40,,,,,1.914,20.01,20.695,7,2,100,,,,,2.901,57.242,57.902,8,1,75,,,,,1.147,76.853,77.496,14,1,42,,,,,1.699,37.857,38.197,7,2,72,,,,,1.056,37.2,37.882,6,1,100,,,,,1.144,40.019,43.24,6,2,85,,,,,2,100,2,,1,100,2,,2,90,2,,2,44,2,,2,100,2,,1,49,1,"skibidi toilet ",2,70,2,,2,65,2,,1,100,2,,2,15,2,,2,2,2,bac pro HPS,"france ",3,2,"1,2,3,4,5,6,7,8,9,10",2,3,,
2025-04-02 04:56:20,2025-04-02 05:10:02,0,128.179.137.96,100,822,1,2025-04-02 05:10:03,R_7YEYfnqKlBiEcLK,,,,,46.5246,6.5697,anonymous,FR,1,9.996,42.631,43.852,7,2,61,,,,,2.159,106.478,107.266,7,2,60,,,,,2.177,44.583,45.15,5,1,72,,,,,5.855,27.24,33.728,7,2,60,,,,,1.573,49.874,50.791,4,1,63,,,,,19.307,22.859,24.161,4,2,71,,,,,23.326,27.894,28.18,3,2,77,,,,,1.711,38.158,38.552,8,2,72,,,,,11.232,33.599,33.92,5,2,66,,,,,1.665,32.302,33.489,4,1,67,,,,,2,60,2,,2,61,2,,1,66,2,,2,62,2,,1,67,2,,2,65,2,,2,74,2,,2,62,2,,2,66,2,,2,66,2,,2,2,4,"Sciences du vivant ","France et Mexique ",5,3,"1,2,3,4,5,6,7,8,10",1,3,,
2025-04-02 06:28:01,2025-04-02 07:09:07,0,37.65.55.165,100,2466,1,2025-04-02 07:09:09,R_5NFkJM20zBo2Fhf,,,,,48.6822,6.1862,anonymous,FR,1,10.201,246.742,247.771,24,1,74,2,70,1,"Ce qu’il y avait noté dans le feed-back ",3.85,162.124,164.456,22,1,76,1,81,2,,2.302,271.862,273.702,11,2,85,2,92,2,,2.471,86.875,87.967,11,1,97,1,94,2,,0.196,83.008,84.343,8,1,95,1,98,2,,2.287,94.471,95.786,8,1,87,1,98,2,,2.271,51.997,53.136,7,1,100,1,99,2,,1.944,153.092,154.101,8,2,56,1,0,1,"Je détecte une description cohérente du tableau ",1.685,46.427,47.671,7,1,0,1,90,2,,0.224,132.253,133.101,39,1,0,1,100,2,,,,,,,,,,,,,,,,,,,,,,,,,,,,,,,,,,,,,,,,,,5,2,2,"Secrétariat ",France,1,2,"2,3,5,7,8,9",1,3,,
2025-04-02 08:57:57,2025-04-02 09:22:54,0,88.121.163.78,100,1496,1,2025-04-02 09:22:54,R_80NvFqnRsqG3Ofm,,,,,48.7123,7.8044,anonymous,FR,1,7.873,65.899,67.801,8,2,60,,,,,2.263,174.946,175.836,8,1,50,,,,,4.523,78.598,79.481,5,2,40,,,,,6.206,88.373,89.343,5,2,45,,,,,36.226,47.015,48.37,6,2,30,,,,,3.3,42.651,43.261,6,2,70,,,,,3.776,43.52,45.862,8,1,40,,,,,2.727,45.146,45.981,6,2,70,,,,,5.958,43.1,43.967,6,1,50,,,,,2.608,50.768,52.781,6,1,50,,,,,2,60,2,,1,50,2,,2,40,2,,1,50,1,"Les arguments ",2,30,2,,2,60,2,,1,40,2,,2,40,2,,1,50,2,,2,50,1,,4,2,3,Coiffure,"France ",2,2,"1,2,3,4",1,3,,
2025-04-02 15:27:20,2025-04-02 16:23:31,0,81.65.68.134,100,3371,1,2025-04-02 16:23:32,R_7qr0CF1dAP6I5jn,,,,,48.6076,7.7475,anonymous,FR,1,4.177,85.419,87.693,4,2,50,,,,,3.82,265.215,267.715,5,2,30,,,,,13.659,92.575,95.4,7,2,75,,,,,12.831,68.31,70.764,4,2,50,,,,,3.26,51.417,52.999,4,1,60,,,,,6.487,77.642,79.301,6,2,81,,,,,729.329,815.596,817.94,5,2,29,,,,,2.906,111.741,113.687,7,1,40,,,,,152.401,229.832,231.834,5,1,51,,,,,2.969,47.908,49.971,4,1,80,,,,,2,60,2,,2,50,1,éléments d'analyse similaires aux miens formulés par un humain à la base,2,75,2,,2,50,2,,1,61,2,,2,71,1,"Argumentation crédible aboutissant à une conclusion opposée à la mienne, donc baisse de confiance en mon point de vue",1,50,1,"Confirmation d'une première analyse, balayée par un seul détail",1,51,1,Même avis reposant sur les mêmes arguments que moi,1,62,1,confirmation de mon point de vue,1,55,1,"Un point de vue opposé au mien, basé sur des arguments convaincants, a entraîné une baisse de ma certitude.",4,2,5,Histoire,France,1,2,"2,3,5,7,8",1,3,,
2025-03-26 09:11:43,2025-03-27 04:52:28,0,185.25.193.185,76,70844,0,2025-04-03 04:52:31,R_8iiPxoPA6UwE6Kl,,,,,46.5246,6.5697,anonymous,FR,1,,,,,,,,,,,,,,,,,,,,,,,,,,,,,,,,,,,,,,,,,,,,,,,,,,,,,,,,,,,,,,,,,,,,,,,,,,,,,,,,,,,,,,,,,,,,,,,,,,,,,,,,,,,,,,,,,,,,,,,,,,,,,,,,,,,,,,,,,,,,,,,,,,,,,,,,
2025-04-03 06:40:13,2025-04-03 06:56:07,0,128.179.176.136,100,954,1,2025-04-03 06:56:09,R_8sWH8Oa8SRj0LXO,,,,,46.488,6.607,anonymous,FR,1,7.387,9.64,10.614,2,2,60,2,75,1,Les éléments évoqués dans le feedback me renforcent dans mon idée de base,18.238,25.345,26.238,3,1,50,2,90,1,L'argumentation du feedback est très convaincante,6.052,11.783,12.2,4,1,50,2,65,1,Les explications du feedbacks me paraissent logiques après réflexion,24.297,30.896,31.6,3,2,70,2,60,1,"Je n'ai pas changé d'avis, mais l'avis est moins fort qu'avant car les arguments évoqués me semblent assez crédibles et possibles",24.895,29.235,30.503,2,1,60,1,60,2,,23.248,27.605,28.52,2,2,61,1,60,1,L'argumentation très détaillée est très convaincante,105.006,107.419,108.584,2,1,50,1,70,1,L'argumentation évoque des points et des détails que je n'avais pas remarqué qui renforcent l'idée défendue,31.19,35.66,36.391,2,1,60,1,60,2,,20.363,24.763,26.472,2,2,50,2,50,2,,20.132,26.196,26.973,3,1,55,2,55,1,Les arguments évoqués dans le feedback m'ont fait remarquer des détails que je n'avais pas vu dans la vidéo,,,,,,,,,,,,,,,,,,,,,,,,,,,,,,,,,,,,,,,,,2,1,4,Sciences du Vivant,Suisse,5,5,"2,3,4,5,7,8",2,3,,
2025-04-03 06:48:53,2025-04-03 07:14:04,0,148.169.40.13,100,1510,1,2025-04-03 07:14:04,R_81Gvkii1sJ5aVMm,,,,,48.8582,2.3387,anonymous,FR,1,4.716,56.749,56.674,10,2,90,2,90,2,,1.273,76.815,81.062,7,1,75,1,81,2,,1.128,43.063,43.956,5,1,50,1,25,2,,1.247,66.425,68.312,7,1,90,1,100,2,,1.679,43.142,43.991,6,1,90,1,100,1,"Le feed-back confirme mon avis ",1.087,47.707,48.661,10,2,100,2,50,2,,1.089,48.206,48.901,5,1,50,1,75,1,"Confirme mon avis ",0.986,47.358,48.693,10,1,75,1,80,1,"Confirme mon avis ",1.146,45.396,46.102,9,1,90,1,100,2,,2.359,47.082,47.971,6,1,50,2,50,1,"La précision de l’analyse est pertinente ",,,,,,,,,,,,,,,,,,,,,,,,,,,,,,,,,,,,,,,,,4,1,2,"Études ferroviaires ","France ",1,2,"3,4",1,3,,
2025-03-26 09:03:30,2025-03-28 03:46:48,0,130.223.136.47,63,153797,0,2025-04-04 03:46:49,R_2rJlzOosGbV4rYD,,,,,46.5294,6.6123,anonymous,FR,1,,,,,,,,,,,,,,,,,,,,,,,,,,,,,,,,,,,,,,,,,,,,,,,,,,,,,,,,,,,,,,,,,,,,,,,,,,,,,,,,,,,,,,,,,,,,,,,,,,,,,,,,,,,,,,,,,,,,,,,,,,,,,,,,,,,,,,,,,,,,,,,,,,,,,,,,
2025-03-26 09:13:37,2025-03-28 03:57:51,0,130.223.136.47,99,153853,0,2025-04-04 03:57:54,R_2J8FNZeB1f55bkj,,,,,46.5294,6.6123,anonymous,FR,1,,,,,1,59,1,15,2,test,,,,,1,50,1,68,1,test,,,,,1,31,1,66,1,test,,,,,1,39,1,64,1,test,,,,,2,79,1,81,1,test,,,,,1,26,1,70,1,tes,,,,,1,22,1,55,2,test,,,,,1,69,1,67,1,ttesr,,,,,1,58,1,71,1,test,,,,,1,45,1,54,1,test,,,,,,,,,,,,,,,,,,,,,,,,,,,,,,,,,,,,,,,,,1,1,1,nn,nn,1,1,4,3,1,,
2025-04-06 07:18:48,2025-04-06 07:46:36,0,5.49.53.117,100,1668,1,2025-04-06 07:46:37,R_6UI0Iw6BBK2jgZ3,,,,,48.5848,7.7419,anonymous,FR,1,62.955,73.746,77.102,6,1,50,,,,,133.179,141.95,143.776,2,2,60,,,,,71.835,83.074,84.721,6,2,60,,,,,53.357,63.588,64.553,3,2,50,,,,,77.356,80.479,81.248,2,2,60,,,,,36.591,40.544,42.745,2,2,70,,,,,77.119,82.666,84.464,2,2,70,,,,,73.681,78.314,79.136,2,2,70,,,,,42.732,48.638,49.423,2,1,80,,,,,79.065,83.865,84.991,2,1,55,,,,,1,50,2,,2,60,2,,2,60,2,,2,50,2,,2,65,2,,2,70,2,,2,70,2,,2,70,2,,1,80,2,,1,55,2,,4,2,5,chimie,france,1,3,"1,2,3,5,6,7,10",1,3,,
2025-04-02 03:38:22,2025-04-02 03:39:04,0,185.25.193.185,48,41,0,2025-04-09 03:39:06,R_8SkILncsHpkYCE8,,,,,46.5388,6.5886,anonymous,FR,1,,,,,,,,,,,,,,,,,,,,,,,,,,,,,,,,,,,,,,,,,,,,,,,,,,,,,,,,,,,,,,,,,,,,,,,,,,,,,,,,,,,,,,,,,,,,,,,,,,,,,,,,,,,,,,,,,,,,,,,,,,,,,,,,,,,,,,,,,,,,,,,,,,,,,,,,
2025-04-09 03:24:13,2025-04-09 03:39:25,0,192.33.207.167,100,912,1,2025-04-09 03:39:26,R_7PieuSzxJknSSmV,,,,,46.4901,6.8995,anonymous,FR,1,1.953,38.453,39.242,4,1,51,1,51,2,,1.183,36.77,37.593,4,1,80,1,81,2,,1.766,74.877,75.617,7,1,71,1,72,2,,1.314,36.169,36.973,3,2,62,2,63,2,,1.239,36.926,37.551,6,1,66,1,66,2,,1.455,34.743,35.599,3,2,54,2,53,2,,1.64,37.459,39.18,3,1,72,1,69,2,,1.206,35.893,36.866,3,1,82,1,82,2,,1.4,39.049,39.543,4,1,74,1,75,2,,1.223,41.494,42.269,6,2,46,2,56,1,"Eloïse note qu'il y avait une absence de détails spécifiques, ce qui a renforcé my croyance qu'elle ment.",,,,,,,,,,,,,,,,,,,,,,,,,,,,,,,,,,,,,,,,,2,2,2,Bachelor Psychologie,Suisse,2,2,"1,2,3,4,5,6,7,8,9,10",2,3,3324,SONA
2025-04-09 03:29:22,2025-04-09 03:48:18,0,130.223.247.218,100,1135,1,2025-04-09 03:48:18,R_2qrSm8ZjVcnMr3U,,,,,46.5189,6.6362,anonymous,FR,1,10.582,87.073,87.768,16,1,80,,,,,1.425,57.83,59.59,13,2,50,,,,,2.124,39.519,40.917,5,1,70,,,,,1.201,57.349,58.723,9,2,80,,,,,9.471,32.18,33.054,5,2,90,,,,,1.064,41.384,42.179,14,2,83,,,,,1.294,37.479,38.493,7,1,90,,,,,1.219,54.107,54.98,8,2,50,,,,,1.343,36.706,37.6,5,2,59,,,,,1.97,39.635,40.229,5,1,60,,,,,1,70,2,,2,80,2,,1,50,2,,1,50,1,"la cohérence des propos dans la description qui a été soulignée ",2,80,2,,2,70,2,,1,90,2,,1,40,1,"La mise en evidence des emotions transmises ",2,61,2,,1,50,2,,2,1,4,"Sport ",Suisse,3,2,"1,2,3,4,7,8",1,3,2972,SONA
2025-04-02 04:55:38,2025-04-02 05:00:58,0,51.154.47.161,66,319,0,2025-04-09 05:01:04,R_3t8POr0IYBYm5QQ,,,,,47.3975,8.6209,anonymous,FR,1,3.651,37.332,37.909,10,2,84,2,99,2,,4.206,39.07,39.425,13,1,10,1,7,2,J'ai pas de son,8.23,22.713,23.593,9,2,62,2,61,2,"J'ai pas de son, j'ai fait avec la posture et le regard ",4.261,24.222,25.414,10,2,78,2,36,1,"J'ai pas de son mais la posture me confirmait l'inverse du feedback ",,,,,,,,,,,,,,,,,,,,,,,,,,,,,,,,,,,,,,,,,,,,,,,,,,,,,,,,,,,,,,,,,,,,,,,,,,,,,,,,,,,,,,,,,,,,,,,,,,,,,,,,,,,,,,,,
2025-04-02 04:58:53,2025-04-02 05:16:56,0,128.179.161.185,99,1082,0,2025-04-09 05:16:58,R_30UU8PabYRFeT7t,,,,,46.4855,6.5626,anonymous,FR,1,33.769,39.387,40.522,3,2,70,2,80,1,Le commentaire de l'IA par rapport au propos un peu incohérent sur la côte d'Azur,43.395,47.725,51.739,4,1,85,1,85,2,,34.137,40.61,42.317,2,1,95,1,95,2,,14.345,31.71,32.177,5,2,100,2,90,1,C'est vrai qu'on remarque une certaine cohérence mais le mouvement de ses yeux me fait penser qu'il ment,15.331,37.054,39.01,5,1,55,1,70,1,Le feedback a renforcé cette image que je me faisais déjà dans la tête,29.971,33.001,34.012,3,2,81,2,60,1,Le feedback de l'IA est très complet mais la description me semble bien moins complexe qu'auparavant,25.03,35.003,35.888,6,2,60,2,60,2,,9.246,54.559,55.201,6,2,40,1,50,1,"Juste un autre avis extérieur, je n'étais pas sûr de ma réponse et les éléments de réponse de l'IA m'ont un peu convaincu",21.023,26.047,30.749,3,1,100,1,100,2,,28.609,33.133,33.917,3,2,75,2,80,1,Confirmation de mes doutes,,,,,,,,,,,,,,,,,,,,,,,,,,,,,,,,,,,,,,,,,2,1,5,Informatique,France,4,5,"1,2,3,4,5,6,7,8,9,10",3,4,,
2025-04-02 05:24:32,2025-04-02 05:27:26,0,85.118.38.179,52,173,0,2025-04-09 05:27:28,R_2h3kFty4HnCKU57,,,,,48.8582,2.3387,anonymous,FR,1,1.072,112.885,115.833,23,2,73,,,,,,,,,,,,,,,,,,,,,,,,,,,,,,,,,,,,,,,,,,,,,,,,,,,,,,,,,,,,,,,,,,,,,,,,,,,,,,,,,,,,,,,,,,,,,,,2,60,2,,,,,,,,,,,,,,,,,,,,,,,,,,,,,,,,,,,,,,,,,,,,,,,,,
2025-04-09 05:42:45,2025-04-09 05:58:01,0,172.225.27.75,100,915,1,2025-04-09 05:58:02,R_5Pf5TbQ4BOtf9W9,,,,,46.5189,6.6362,anonymous,FR,1,1.116,10.441,11.088,8,1,65,1,70,2,,0.926,19.846,20.361,7,2,91,2,82,2,,0.938,10.49,10.891,7,1,100,1,100,2,,1.488,20.823,21.5,8,2,88,2,90,2,,0.835,15.128,15.67,6,1,100,1,100,2,,0.915,13.63,14.156,11,2,89,2,79,2,,1.041,16.257,17.256,6,2,100,2,100,2,,0.897,17.767,18.527,8,1,100,1,100,2,,0.989,23.845,24.536,10,1,68,1,92,1,,2.473,248.159,248.78,13,2,63,2,100,1,"Ça n’a juste fait que valider mon hypothèse que la personne mentais , il est vrais que ça manquait de détails.",,,,,,,,,,,,,,,,,,,,,,,,,,,,,,,,,,,,,,,,,2,2,4,Psychologie,"Portugal / Suisse ",2,2,"1,3,5,8",2,2,2563,SONA
2025-04-09 06:06:30,2025-04-09 06:19:11,0,194.230.147.4,100,760,1,2025-04-09 06:19:12,R_2wiSvbzpYyjGCPG,,,,,46.9411,7.3856,anonymous,FR,1,1.138,29.304,30.001,7,1,60,,,,,1.14,22.829,23.258,7,1,73,,,,,1.667,35.11,36.332,7,2,63,,,,,1.013,41.476,42.191,9,2,51,,,,,0.978,22.267,23.265,6,2,87,,,,,0.815,38.058,38.562,7,2,48,,,,,0.762,42.361,42.379,14,1,64,,,,,0.775,37.087,37.867,7,2,48,,,,,0.727,33.026,33.352,7,1,68,,,,,0.663,44.544,44.564,13,1,43,,,,,1,50,2,,2,28,1,"l’émotion que la personne exprime ",2,84,2,,2,61,2,,2,82,2,,1,47,1,"la narration ",1,70,2,,2,55,2,,1,72,2,,2,62,1,l’absence de details,2,2,2,"Psychologie ",Brésil,2,4,"2,3,4,5,6,9",1,3,2940,SONA
2025-04-09 06:39:39,2025-04-09 07:09:14,0,188.154.140.122,100,1775,1,2025-04-09 07:09:15,R_2WCCu7YqEvNQPML,,,,,46.5207,6.6428,anonymous,FR,1,3.089,88.257,91.331,5,1,60,1,39,1,Mon assurance dans le choix de ma réponse.,3.439,81.723,84.099,4,1,94,1,90,2,,4.76,76.729,80.387,7,2,55,2,82,1,Ce n'est pas le contenu du feedback en lui même mais le fait que la conclusion (la personne a menti) corrèle avec ce que je pense qui a confirmé mon choix. Je suis donc plus sûre de ma réponse.,7.737,51.539,52.697,3,2,70,2,70,2,,2.137,77.655,79.364,6,2,60,2,60,2,,2.554,76.705,79.047,5,2,20,2,19,2,,5.541,55.575,61.884,4,2,43,2,39,2,,3.009,53.845,55.321,5,2,93,2,93,2,,3.196,42.199,43.324,3,1,57,1,57,2,,2.126,42.929,44.154,3,1,44,2,54,1,Le fait qu'Eloïse ait souligné dans son feedback que la narration est très bien construite.,,,,,,,,,,,,,,,,,,,,,,,,,,,,,,,,,,,,,,,,,2,2,2,psychologie,Suisse,4,1,"2,3,5,8",2,3,3010,SONA
2025-04-09 06:41:26,2025-04-09 07:15:02,0,194.230.158.12,100,2016,1,2025-04-09 07:15:03,R_8eLVtLf7mt2waBG,,,,,46.5207,6.6428,anonymous,FR,1,4.729,97.927,99.129,7,1,40,,,,,1.959,102.351,103.151,12,1,67,,,,,1.849,119.27,120.118,14,1,76,,,,,2.144,50.409,52.284,8,2,81,,,,,3.024,53.601,54.713,8,2,86,,,,,1.848,71.601,72.671,7,1,65,,,,,1.467,73.668,75.213,13,1,78,,,,,3.158,46.242,46.952,6,1,65,,,,,2.929,103.722,104.579,15,2,66,,,,,2.417,51.283,52.221,6,1,70,,,,,1,55,1,"La personne n'a pas l'air sûre de dire que le monsieur est à la plage + le fait qu'il dise qu'à l'arrière plan on y voit des voitures de sport, je pense donc qu'on ne voit pas d'eau et que c'est pour cela que la personne hausse les sourcils en disant que l'homme se trouve à la plage. L'IA m'a fait penser au fait que l'arrière plan est probablement une route et non pas de l'eau",2,50,1,Le fait que la personne ne semble pas balayer l'image du regard me trouble un peu et le feedback disant que plusieurs signes physiques sembleraient révéler un mensonge me convainc car j'avais quelques doutes à ce propos,1,75,2,,1,55,1,Ce qui me faisait dire que la personne mentait était le regard qui fuit plusieurs fois l'image mais au final je suis d'accord avec le feedback qui dit que la parole est fluide et quand la personne parle du chemin sur lequel marchent les personnes on voit un mouvement des yeux qui longe l'image ce qui me laisse penser qu'il y'a bien un chemin,2,87,2,,1,73,1,"Il m'a permis de ""vérifier"" ce que je pensais donc je suis plus sûre de ce que je pense",1,78,2,,1,66,2,,2,66,2,,2,70,2,,2,2,2,Psychologie,Suisse,3,3,"2,3,5,8,9",1,3,3233,SONA
2025-04-02 08:49:36,2025-04-02 08:54:05,0,128.179.161.234,66,269,0,2025-04-09 08:54:09,R_8aDE4gNSnlCwT9x,,,,,46.4855,6.5626,anonymous,FR,1,1.129,37.032,38.287,4,2,67,2,66,2,,0.924,38.741,39.798,4,1,62,1,77,2,,0.68,34.746,35.321,4,1,97,2,94,2,,0.873,36.41,37.581,3,1,77,1,79,2,,,,,,,,,,,,,,,,,,,,,,,,,,,,,,,,,,,,,,,,,,,,,,,,,,,,,,,,,,,,,,,,,,,,,,,,,,,,,,,,,,,,,,,,,,,,,,,,,,,,,,,,,,,,,,,,,
2025-04-09 08:51:55,2025-04-09 09:14:57,0,195.176.239.103,100,1382,1,2025-04-09 09:14:58,R_8KykXY1Mt1ry64p,,,,,46.2253,6.1516,anonymous,FR,1,66.741,148.586,150.306,4,2,19,,,,,1.246,41.486,42.528,3,2,42,,,,,1.9,36.281,38.29,3,1,60,,,,,1.289,29.258,30.668,3,2,71,,,,,1.185,44.361,46.178,5,2,35,,,,,2.228,35.855,37.453,4,2,96,,,,,1.126,38.026,40.1,5,2,87,,,,,1.243,39.111,40.317,3,1,66,,,,,1.551,41.646,46.181,4,2,76,,,,,4.232,27.341,29.23,3,2,85,,,,,1,40,2,,2,62,2,,1,70,2,,2,76,2,,1,57,1,la mise en avant de la cohérence de la narrative,2,93,2,,2,89,2,,1,87,1,"ça ne l'a pas changé, mais il a renforcé mon opinion.",2,74,2,,2,59,2,,2,2,2,la psychologie,Soudan,5,1,"2,3,4,5,7,8",1,3,3377,SONA
2025-04-02 09:57:10,2025-04-02 10:00:51,0,37.66.144.66,52,220,0,2025-04-09 10:00:52,R_3tccRRGXNAhnJpT,,,,,48.6076,7.7475,anonymous,FR,1,49.776,71.253,72.536,6,2,52,1,53,2,,,,,,,,,,,,,,,,,,,,,,,,,,,,,,,,,,,,,,,,,,,,,,,,,,,,,,,,,,,,,,,,,,,,,,,,,,,,,,,,,,,,,,,,,,,,,,,,,,,,,,,,,,,,,,,,,,,,,,,,,,,,,,,,,,,,,,,,,,,,,,,
2025-04-09 11:05:40,2025-04-09 11:18:05,0,194.230.158.125,100,744,1,2025-04-09 11:18:06,R_894cxbBUfL2U7aF,,,,,46.5207,6.6428,anonymous,FR,1,1.801,42.37,42.627,12,2,65,2,93,1,,1.229,40.803,42.141,9,1,73,1,0,2,,0.995,42.868,43.24,12,1,50,2,62,1,,0.716,38.255,39.678,13,2,63,1,100,1,,0.668,44.149,44.527,18,1,47,1,73,1,,14.531,47.485,47.701,6,2,84,2,10,2,,0.839,37.647,38.046,8,1,70,1,83,1,,2.424,35.801,36.386,6,1,58,1,88,1,,0.899,67.847,68.295,10,1,64,1,78,1,,1.099,38.638,39.291,6,2,53,2,72,1,,,,,,,,,,,,,,,,,,,,,,,,,,,,,,,,,,,,,,,,,,2,2,4,"Psychologie ",Suisse,4,4,"2,4,5,8,9",2,4,3200,SONA
2025-04-09 23:44:45,2025-04-10 00:12:32,0,178.197.195.156,100,1667,1,2025-04-10 00:12:33,R_2X6yQYqdsQM0I1c,,,,,46.5286,6.6703,anonymous,FR,1,1.889,87.021,118.707,6,1,71,,,,,1.504,48.452,49.306,4,2,73,,,,,1.972,39.938,40.992,5,1,50,,,,,1.44,33.839,35.475,3,2,82,,,,,2.29,85.007,86.578,5,1,66,,,,,1.593,33.6,34.456,3,2,82,,,,,1.382,35.182,36.201,3,2,81,,,,,1.59,73.427,74.777,4,1,76,,,,,1.196,107.914,109.015,7,2,50,,,,,1.86,44.577,45.546,3,1,60,,,,,1,61,2,,2,72,2,,1,50,2,,2,72,1,"le fait que le narrateur à bel et bien donné des détails précis comme le ""labrador"" ou le ""paysage comme la suisse"" qui font que je suis partagée entre vérité et mensonge ",2,66,2,,2,71,2,,2,61,1,"il est vrai que le discours était fluide et sans pause. mais ma réponse ne se base pas que sur la fluidité et la cohérence du récit, c'est pourquoi seul la sûreté de ma réponse à été influencée",1,82,2,,1,62,1,le fait que le balais à été amené avant les débris et la maison détruite rapporte de la crédibilité à l'histoire de l'individu.,1,61,2,,2,2,2,psychologie,Suisse,3,2,"4,8",2,3,3107,SONA
2025-04-02 04:01:47,2025-04-03 01:19:26,0,128.179.159.106,48,76659,0,2025-04-10 01:19:28,R_2ifJ8rj8NzXbTs9,,,,,46.5388,6.5886,anonymous,FR,1,,,,,,,,,,,,,,,,,,,,,,,,,,,,,,,,,,,,,,,,,,,,,,,,,,,,,,,,,,,,,,,,,,,,,,,,,,,,,,,,,,,,,,,,,,,,,,,,,,,,,,,,,,,,,,,,,,,,,,,,,,,,,,,,,,,,,,,,,,,,,,,,,,,,,,,,
2025-04-03 02:24:24,2025-04-03 02:24:26,0,81.65.68.134,1,2,0,2025-04-10 02:24:27,R_8KiZo3Vw9YR14mB,,,,,48.6076,7.7475,anonymous,FR,,,,,,,,,,,,,,,,,,,,,,,,,,,,,,,,,,,,,,,,,,,,,,,,,,,,,,,,,,,,,,,,,,,,,,,,,,,,,,,,,,,,,,,,,,,,,,,,,,,,,,,,,,,,,,,,,,,,,,,,,,,,,,,,,,,,,,,,,,,,,,,,,,,,,,,,,
2025-04-10 02:11:44,2025-04-10 02:26:18,0,178.193.60.255,100,873,1,2025-04-10 02:26:18,R_2xyse7vuJ9bzUSA,,,,,46.1938,6.1586,anonymous,FR,1,2.414,39.918,40.496,13,2,48,2,70,2,,3.819,39.424,39.801,16,1,35,1,10,2,,3.346,39.124,39.623,10,1,19,1,5,2,,2.663,36.094,36.471,12,2,23,1,12,2,,3.466,35.811,36.476,13,2,59,2,54,2,,57.851,91.249,91.648,6,2,70,2,70,2,,36.874,39.575,39.938,5,1,75,1,80,2,,148.585,151.489,152.042,5,1,60,1,53,2,,36.001,39.025,39.581,5,1,56,1,57,2,,3.729,43.451,44.082,6,2,80,2,81,2,,,,,,,,,,,,,,,,,,,,,,,,,,,,,,,,,,,,,,,,,,2,2,2,"Psychologie ",Suisse,3,3,"1,2,3,4,5,6,7,8,9,10",1,2,2981,SONA
2025-04-10 02:24:05,2025-04-10 02:40:43,0,178.195.217.50,100,997,1,2025-04-10 02:40:43,R_8wd1VXB6T4MEmSB,,,,,46.5286,6.6703,anonymous,FR,1,1.419,39.487,41.185,3,1,76,,,,,1.552,46.444,47.192,4,1,66,,,,,1.85,38.601,39.427,3,1,78,,,,,2.293,28.491,33.348,3,2,58,,,,,1.096,31.654,32.118,7,2,78,,,,,0.871,44.947,45.739,4,1,42,,,,,1.347,70.628,71.586,5,1,20,,,,,1.233,48.964,49.655,4,1,46,,,,,0.972,60.242,60.97,5,1,40,,,,,1.289,54.601,55.401,13,1,20,,,,,1,78,2,,1,36,1,"Je me suis remise en question, car il est vrai que la personne prenait des pauses. Je me suis néamoins dit qu'elle n'était peut-être pas à l'aise avec cet exercice, et non qu'elle mentait. ",1,76,2,,2,6,2,,2,0,2,,1,2,2,,1,2,2,,1,5,2,,1,2,2,,1,4,2,,2,2,4,Anglais et philosophie,Suisse,4,3,"2,3,4,5,6,7,8,9",2,3,3341,SONA
2025-04-02 04:23:16,2025-04-03 06:57:07,0,128.179.176.136,62,95631,0,2025-04-10 06:57:10,R_8n7tkL3svfQ1KUO,,,,,46.488,6.607,anonymous,FR,1,145.714,152.52,154.733,2,1,70,2,80,1,Le feedback a donné des observations que je n'avais pas fait durant la vidéo et m'a complété dans ma réflexion,13.671,67.635,68.809,9,1,50,2,95,1,L'argumentation dans le feedback est très convaincante,10.86,12.351,13.563,2,2,50,2,65,1,L'argumentation du feedback aide a renforcé l'idée de base que la personne ne dit pas la vérité,,,,,,,,,,,,,,,,,,,,,,,,,,,,,,,,,,,,,,,,,,,,,,,,,,,,,,,,,,,,,,,,,,,,,,,,,,,,,,,,,,,,,,,,,,,,,,,,,,,,,,,,,,,,,,,,,,,,,,,,,,
2025-04-10 07:15:17,2025-04-10 07:37:33,0,213.55.247.48,100,1336,1,2025-04-10 07:37:34,R_2eDV4WpQkWvyWBo,,,,,46.207,6.151,anonymous,FR,1,11.7,44.628,46.222,4,2,30,2,40,2,,105.257,165.738,167.512,3,1,60,1,60,2,,36.238,39.065,40.393,2,1,30,1,30,2,,38.874,46.119,47.246,3,2,50,2,20,2,,34.999,38.751,39.919,2,2,30,2,30,2,,102.508,107.975,109.776,4,2,60,2,60,2,,36.364,39.979,41.103,2,1,50,1,50,2,,2.229,42.55,43.596,4,1,50,1,60,2,,31.712,37.729,38.667,2,1,70,1,70,2,,63.882,67.02,68.604,2,2,20,2,30,2,,,,,,,,,,,,,,,,,,,,,,,,,,,,,,,,,,,,,,,,,,2,2,2,Psychologie,Suisse,4,2,"3,4",1,3,3240,SONA
2025-04-02 05:53:08,2025-04-03 07:40:34,0,37.66.144.66,52,92846,0,2025-04-10 07:40:35,R_8FOGE52EbTEQif1,,,,,48.6076,7.7475,anonymous,FR,1,6.752,73.183,74.1,9,2,61,,,,,,,,,,,,,,,,,,,,,,,,,,,,,,,,,,,,,,,,,,,,,,,,,,,,,,,,,,,,,,,,,,,,,,,,,,,,,,,,,,,,,,,,,,,,,,,2,71,1,"L'opposition entre la tenue et les voitures de sport 
",,,,,,,,,,,,,,,,,,,,,,,,,,,,,,,,,,,,,,,,,,,,,,,,
2025-04-02 09:04:13,2025-04-03 07:46:38,0,37.66.144.66,62,81744,0,2025-04-10 07:46:44,R_2EaS2HpjnrmlBXJ,,,,,48.6076,7.7475,anonymous,FR,1,48.74,54.904,58.444,2,2,71,,,,,24.559,330.464,332.119,4,2,0,,,,,33.983,41.323,44.046,3,2,5,,,,,,,,,,,,,,,,,,,,,,,,,,,,,,,,,,,,,,,,,,,,,,,,,,,,,,,,,,,,,,,,,,,,,,,,,,,2,82,2,,2,9,2,impossible de donner une évaluation car le son est inaudible,2,7,2,même réponse que sujet 2 ; pas de son audible,,,,,,,,,,,,,,,,,,,,,,,,,,,,,,,,,,,,,,,,
2025-04-10 09:21:08,2025-04-10 09:49:45,0,81.88.186.33,100,1716,1,2025-04-10 09:49:46,R_8IMsaTp5c2kIOzL,,,,,46.6015,7.0204,anonymous,FR,1,47.891,51.385,54.483,2,2,20,,,,,76.508,82.35,83.76,2,2,20,,,,,134.264,139.261,140.763,2,1,20,,,,,86.74,90.82,92.272,2,1,20,,,,,28.246,48.088,49.55,3,2,40,,,,,40.41,44.259,46.292,2,2,20,,,,,37.407,41.772,43.536,2,1,20,,,,,69.152,74.756,76.202,2,2,20,,,,,35.93,41.246,42.812,2,1,20,,,,,39.014,43.459,44.882,2,1,20,,,,,2,30,2,,2,30,2,,1,20,2,,1,30,2,,2,40,2,,2,20,2,,1,40,2,,2,15,2,,1,20,2,,1,20,2,,3,2,2,psychologie,Suisse,4,3,"2,3,4,7,8",1,4,2962,SONA
2025-04-10 11:08:06,2025-04-10 11:36:11,0,188.155.58.235,100,1684,1,2025-04-10 11:36:12,R_339oFg0aM7cRAtb,,,,,46.5504,6.5517,anonymous,FR,1,391.419,546.272,547.025,16,2,61,1,55,1,,1.692,45.562,46.251,4,2,76,2,75,2,,1.491,37.724,38.415,4,1,62,2,62,2,,3.932,40.335,41.225,4,1,61,1,61,2,,1.522,37.956,39,4,2,71,1,40,1,,1.664,34.25,34.923,3,2,81,2,60,2,,1.311,40.994,41.82,4,2,29,2,22,2,,1.393,37.527,38.501,3,1,47,1,51,2,,1.286,41.84,42.596,5,2,61,2,49,2,,1.139,39.941,41.013,3,2,61,2,68,2,,,,,,,,,,,,,,,,,,,,,,,,,,,,,,,,,,,,,,,,,,2,2,2,psychologie,suisse,5,2,"1,2,3,4,5,6,7,8,9,10",1,4,3236,SONA
2025-04-11 00:26:30,2025-04-11 03:17:09,0,185.12.130.67,100,10239,1,2025-04-11 03:17:10,R_2KMyg6RzjaFObo6,,,,,46.5504,6.5517,anonymous,FR,1,177.189,210.635,214.23,6,2,62,,,,,2.297,25.605,27.073,3,1,76,,,,,1.453,67.481,68.509,6,1,40,,,,,5.016,25.461,40.738,4,2,71,,,,,3.968,29.654,31.048,4,2,78,,,,,3.534,31.767,33.079,4,2,55,,,,,5.235,34.629,35.566,4,1,51,,,,,2.101,40.186,41.853,4,1,52,,,,,2.269,35.773,37.845,8,2,45,,,,,2.828,33.025,34.335,3,1,68,,,,,2,67,1,arguments supplémentaires auxquels je n'y avais pas prêté attention,2,68,1,,1,45,2,,2,45,2,,2,76,2,,2,55,2,,1,53,2,,1,60,1,,1,51,1,arguments nuancés qui m'ont permis d'avoir une perception différente,1,67,2,,2,2,4,psychologie,Kosovo,2,4,"1,2,3,4,5,6,7,8,9,10",2,3,3297,SONA
2025-04-12 02:37:41,2025-04-12 02:50:25,0,31.164.249.194,100,764,1,2025-04-12 02:50:26,R_2CqTK6tYOGk1mqU,,,,,46.3805,6.2433,anonymous,FR,1,2.101,37.593,39.315,5,2,37,2,64,1,"L’incohérence des éléments du récit ",1.74,39.749,42.027,3,1,18,2,44,1,L’incohérence du récit,1.14,34.417,35.725,3,1,70,1,62,2,,1.574,38.252,39.775,3,2,40,2,48,2,,1.654,34.613,36.055,3,1,61,1,76,1,"Renforcé ma conviction ",1.102,36.546,37.848,5,2,43,2,43,2,,1.424,39.388,41.09,3,1,44,1,69,1,"Renforcé ma conviction ",2.439,36.34,37.665,3,1,75,1,75,2,,1.238,35.498,36.5,3,1,45,1,45,2,,1.186,37.582,38.323,3,2,51,2,60,1,"Renforcé ma conviction ",,,,,,,,,,,,,,,,,,,,,,,,,,,,,,,,,,,,,,,,,2,2,4,"Psychologie ",Suisse,4,3,"2,3,4,5,6,7,8",1,4,2984,SONA
2025-04-13 07:24:41,2025-04-13 07:38:20,0,192.42.47.86,100,819,1,2025-04-13 07:38:21,R_8qgnQcllc9jUqRB,,,,,46.9904,6.9339,anonymous,FR,1,48.763,53.215,54.1,3,2,30,2,30,2,,38.018,42.988,44.959,4,1,40,2,60,1,"le temps de pause entre les phrases ",18.983,33.178,35.097,6,1,20,1,20,2,,27.194,29.779,32.982,4,2,61,2,60,2,,18.126,21.162,28,2,2,100,2,100,2,,24.076,25.711,27.713,2,1,29,1,52,1,"la cohérence dans le nombre précis de personne ",35.736,38.208,39.59,4,2,29,2,28,2,,28.148,31.383,33.253,3,1,10,1,30,1,"la description détaillée du décor ",16.332,26.499,27.951,2,2,40,2,40,2,,30.956,33.443,34.743,4,2,10,2,29,1,"la description trop stéréotypée ",,,,,,,,,,,,,,,,,,,,,,,,,,,,,,,,,,,,,,,,,2,1,3,"je travaillais avec les enfants --> j'étais éducateur ","Suisse ",3,2,"1,2,3,4,5,6,7,8,9,10",2,4,3171,SONA
2025-04-14 04:36:37,2025-04-14 04:44:58,0,194.230.158.94,100,501,1,2025-04-14 04:44:58,R_1n91AdhujHNQUZF,,,,,46.5378,6.622,anonymous,FR,1,8.3,26.501,27.952,3,1,57,,,,,27.115,29.216,31.504,3,2,62,,,,,3.389,11.639,12.678,5,2,72,,,,,2.756,8.521,9.66,4,1,73,,,,,6.469,14.071,16.001,5,1,83,,,,,3.365,8.305,9.236,4,1,75,,,,,4.304,12.204,14.074,5,1,72,,,,,2.411,8.581,9.708,6,2,78,,,,,2.204,13.867,14.788,6,2,78,,,,,2.965,15.37,16.739,8,1,76,,,,,1,51,2,,2,91,2,,2,83,2,,2,82,2,,2,79,2,,1,78,2,,1,71,2,,1,73,1,,2,78,2,,1,75,2,,2,2,3,sport,suisse,3,1,"3,5,8",1,4,3352,SONA
2025-04-14 06:27:47,2025-04-14 06:46:23,0,130.223.230.36,100,1115,1,2025-04-14 06:46:24,R_2zbEhB3J9Yzz2Cr,,,,,46.6679,6.7982,anonymous,FR,1,2.797,84.151,84.605,14,2,75,2,90,2,,1.316,81.315,83.11,16,1,33,1,23,1,"Je le trouve pas très cohérent, il met en avant des interprétations différentes des miennes  ",1.328,37.663,38.49,6,2,70,1,90,2,,1.779,45.45,45.7,14,2,91,2,11,2,,0.995,37.608,38.4,4,1,39,1,49,1,Il l’a rendu + certaine,0.479,33.298,33.32,16,2,81,2,100,1,"Il se focalise seulement sur ce qui est dit qui est la seule chose de cohérents, dcp ça renforce mon intuition qu’il ne dit pas la vérité",0.901,41.993,42.947,6,2,6,1,28,1,"car il montre aucun indice typique de tromperie ",1.081,36.65,37.158,15,1,54,1,69,2,,0.899,35.153,35.688,5,2,72,2,41,2,,0.826,32.411,33.163,10,2,100,2,100,2,,,,,,,,,,,,,,,,,,,,,,,,,,,,,,,,,,,,,,,,,,2,2,4,Bachelor en psychologie,Suisse,3,4,"1,2,3,4,6,7,8,10",1,3,3201,SONA
2025-04-14 08:24:44,2025-04-14 08:31:31,0,130.223.240.113,100,407,1,2025-04-14 08:31:32,R_1eW39XhMxtmNOvv,,,,,46.5504,6.5517,anonymous,FR,1,1.864,9.392,9.957,7,1,83,,,,,1.872,5.399,6.701,6,1,67,,,,,4.076,8.114,9.35,8,1,55,,,,,0.795,7.051,7.963,7,1,86,,,,,0.765,8.344,9.344,6,2,65,,,,,2.337,9.632,10.302,8,2,67,,,,,2.257,6.85,7.691,5,1,55,,,,,1.304,8.061,8.987,7,2,61,,,,,1.694,4.524,5.652,4,1,56,,,,,1.622,4.999,6.039,8,1,59,,,,,2,81,2,,1,52,2,,1,39,1,,2,83,2,,2,74,2,,2,75,2,,1,49,2,,2,59,2,,1,49,2,,1,55,2,,2,2,3,psychologie,"Suisse
",3,3,"2,5",1,2,3041,SONA
2025-04-14 12:43:07,2025-04-14 13:16:40,0,194.191.239.79,100,2013,1,2025-04-14 13:16:41,R_3b1QKmqCjzt4Scx,,,,,46.9453,7.453,anonymous,FR,1,85.074,134.53,139.702,10,1,67,1,67,2,,2.355,65.121,67.429,15,2,56,2,58,2,,4.013,167.146,168.17,26,2,54,2,54,2,,2.252,53.14,54.469,17,2,60,2,60,2,,3.075,136.494,137.083,18,1,56,1,56,2,,2.837,39.579,41.201,15,2,77,2,77,2,,2.266,62.564,64.132,17,1,64,1,64,2,,7.757,118.652,119.801,17,1,51,1,51,2,,4.308,57.4,60.801,11,2,57,2,57,2,,9.394,51.527,52.852,8,1,64,1,64,2,,,,,,,,,,,,,,,,,,,,,,,,,,,,,,,,,,,,,,,,,,2,2,2,Sciences du sport,Suisse,3,2,"3,5,7",1,2,3368,SONA
2025-04-16 02:48:06,2025-04-16 02:55:58,0,194.230.158.94,100,472,1,2025-04-16 02:55:59,R_8eQxI8T0yhhMJX3,,,,,46.5378,6.622,anonymous,FR,1,2.937,14.387,16.362,4,1,75,,,,,4.445,8.882,9.783,5,1,80,,,,,1.696,10.479,11.438,6,1,82,,,,,1.309,9.299,10.335,6,1,53,,,,,2.123,10.255,11.807,3,2,60,,,,,1.25,9.787,10.6,4,2,40,,,,,1.407,9.388,10.53,5,2,48,,,,,11.966,20.229,21.191,7,2,62,,,,,2.657,12.76,14.834,4,2,72,,,,,1.278,11.483,12.286,6,2,50,,,,,2,82,1,,2,79,2,,1,68,2,,1,100,2,,2,39,2,,1,63,1,,1,60,1,,1,60,1,,2,47,2,,1,50,1,,2,2,2,Sport,Suisse,3,1,"2,3,5,8",1,3,3352,SONA
2025-04-16 05:26:06,2025-04-16 05:51:36,0,204.48.93.65,100,1529,1,2025-04-16 05:51:36,R_5ceGpUV6MDnPugK,,,,,45.5332,-73.6091,anonymous,FR,1,44.95,92.42,92.994,10,2,60,2,60,2,,1.247,51.474,52.586,7,1,80,1,50,2,,1.726,47.777,50.99,12,1,50,1,60,2,,1.908,141.085,141.637,12,2,30,2,50,2,,2.894,59.899,60.883,9,2,40,2,50,2,,2.309,125.032,125.696,11,1,50,1,50,2,,18.693,138.354,139.02,9,1,60,1,40,2,,2.328,46.212,47.092,7,2,60,1,80,1,"Le feed-back est convaincant ",1.284,43.794,44.255,9,2,59,2,50,2,,1.551,61.577,62.175,9,1,81,1,70,2,,,,,,,,,,,,,,,,,,,,,,,,,,,,,,,,,,,,,,,,,,3,1,5,"Finance ",Maroc,5,3,"2,3,4",1,4,,
2025-04-16 07:38:43,2025-04-16 08:00:40,0,207.253.225.196,100,1317,1,2025-04-16 08:00:41,R_7HjJaCNazjJEENN,,,,,45.5212,-73.5524,anonymous,FR,1,34.902,42.84,43.678,2,2,60,,,,,11.249,51.702,52.264,3,1,90,,,,,32.201,38.184,38.922,2,2,60,,,,,23.532,37.201,37.842,2,2,80,,,,,32.533,36.29,36.892,2,1,40,,,,,35.041,49.145,49.992,6,1,30,,,,,37.49,42.333,44.04,4,1,50,,,,,36.175,41.482,42.065,3,1,70,,,,,36.247,41.087,42.101,3,1,20,,,,,36.711,40.231,40.949,2,1,75,,,,,2,80,1,Plus d'arguments convaincants qui appuient ma réponse initiale,1,90,2,,2,85,2,Une analyse bien développé et qui repose sur des détails,2,40,1,Je suis moins un peu moins confiant de ma réponse initiale. Le feedback est impactant.,1,80,1,"Ca rejoint mon analyse initiale, ce qui rend ma réponse probablement juste",1,30,2,,1,50,2,,1,60,2,,2,60,2,,1,40,1,"Je suis toujours convaincu par ma réponse. Par contre, le feedback me rend un peu plus sceptique car des arguments bien fondés sont discutés.",3,1,5,Finance / Comptabilité,Maroc,4,3,"1,2,3,4,6,7,8,10",1,3,,
2025-04-17 03:58:00,2025-04-17 04:29:29,0,130.223.140.23,100,1889,1,2025-04-17 04:29:30,R_8ISIvrq7nqliyiZ,,,,,46.2253,6.1516,anonymous,FR,1,2.801,52.101,52.226,10,1,70,1,64,2,,1.528,73.81,74.478,8,2,87,2,88,2,,1.318,57.749,58.666,10,1,76,1,76,2,,1.237,52.643,54.88,7,2,74,2,74,2,,1.265,63.74,64.501,8,2,90,2,90,2,,1.176,38.387,40.259,7,2,85,2,85,2,,1.269,118.124,118.959,8,2,66,2,66,2,,1.501,65.842,67.361,8,1,68,1,68,2,,1.178,58.235,58.935,9,1,65,1,65,2,,1.158,87.684,89.27,8,2,63,2,63,2,,,,,,,,,,,,,,,,,,,,,,,,,,,,,,,,,,,,,,,,,,2,1,2,"Psychologie ",Suisse,2,3,"1,3,7,8,10",1,4,3001,SONA
2025-04-18 04:42:48,2025-04-18 04:51:52,0,194.230.158.168,100,543,1,2025-04-18 04:51:52,R_8TXipJnTkGmLqfa,,,,,46.5294,6.6123,anonymous,FR,1,1.901,15.158,15.974,10,1,64,,,,,1.243,20.051,20.301,8,1,68,,,,,0.818,25.134,25.571,9,2,59,,,,,0.78,29.202,29.221,7,1,50,,,,,0.681,20.879,21.878,7,1,60,,,,,0.782,16,16.928,9,1,70,,,,,0.623,23.638,24.197,10,1,53,,,,,0.712,23.769,24.047,7,1,63,,,,,0.849,22.275,22.533,9,1,67,,,,,0.706,46.591,47.338,8,2,40,,,,,2,43,1,les détails donnés,1,72,2,,2,75,1,"que c’est assez incohérent ",1,50,2,,1,60,2,,1,70,2,,1,60,1,,1,63,2,,1,67,2,,2,40,2,,2,2,2,"Psychologie ","Brésil ",2,3,"1,2,3,4,5,6,8,9,10",1,3,2940,SONA
2025-04-19 14:38:18,2025-04-19 14:43:24,0,92.104.250.54,100,306,1,2025-04-19 14:43:25,R_22xgESAjiDxleIK,,,,,46.5294,6.6123,anonymous,FR,1,3.321,7.881,8.82,4,1,62,2,75,1,,2.584,4.947,5.97,3,2,42,2,78,1,,1.898,3.438,4.793,2,2,27,2,94,1,,3.794,5.12,6.298,2,2,52,1,87,1,,2.521,5.647,6.517,4,2,13,2,22,2,,3.081,4.906,6.418,3,1,56,1,100,2,,2.191,4.378,5.36,4,2,33,1,62,2,,1.534,3.806,4.65,3,1,34,1,86,1,,1.494,3.1,4.24,3,2,63,1,66,1,,1.626,3.439,4.246,3,1,54,2,24,1,,,,,,,,,,,,,,,,,,,,,,,,,,,,,,,,,,,,,,,,,,2,2,3,socio pedagogie,suisse,3,1,"2,3,5",1,3,3189,SONA
2025-04-13 08:58:48,2025-04-13 09:33:19,0,37.66.41.130,99,2071,0,2025-04-20 09:33:23,R_5OIw98keISVxxwv,,,,,43.3178,5.4125,anonymous,FR,1,2.942,62.319,63.484,6,2,20,,,,,2.168,50.555,51.343,6,1,40,,,,,2.1,76.78,77.432,5,1,20,,,,,1.571,58.129,60.047,21,2,49,,,,,2.436,77.242,78.193,9,2,10,,,,,1.101,45.371,46.041,9,1,12,,,,,6.201,66.754,67.856,10,1,40,,,,,3.042,46.852,48.284,5,2,17,,,,,1.441,46.551,47.322,5,2,10,,,,,4.551,93.822,94.659,10,2,10,,,,,2,30,2,,1,40,2,,1,30,1,"Le discours de l’IA n’est pas cohérent il parle de probabilité puis à l’air convaincu elle ne dit rien de précis et ne s’appuie pas sur des éléments réels mais sur des phrases toutes faites ",2,30,1,"L’argument des détails de la description a fait baisser ma certitude mais ne l’a pas complètement persuadé du contraire parce que ces détails justement pour un suisse auraient dû permettre de savoir si c’est Genève ou Lausanne ",2,10,2,,1,20,1,"Je suis assez d’accord avec les arguments développés et ça l’a conforté dans mon idée ",1,40,1,"Ça a conforté mon idée que c’est la vérité mais mon score de confiance était déjà haut et ça ne l’a quand même pas accentué ",2,15,2,,2,10,2,,2,9,2,,4,2,4,La communication,France,2,3,"1,2,3,4,5,6,7,8,9,10",1,4,,
2025-04-20 10:47:14,2025-04-20 11:01:43,0,88.125.15.175,100,869,1,2025-04-20 11:01:44,R_6vcSC96SjW37HKS,,,,,48.11,-1.6744,anonymous,FR,1,1.344,52.595,53.708,13,2,84,,,,,1.517,45.426,46.22,8,2,72,,,,,1.38,41.447,42.18,8,1,86,,,,,1.754,41.016,41.588,8,2,88,,,,,1.411,37.41,39.115,6,2,95,,,,,1.547,36.463,37.336,6,2,93,,,,,2.282,43.119,45.34,7,2,57,,,,,1.402,44.608,45.053,6,2,81,,,,,2.552,42.047,43.708,8,1,97,,,,,1.528,42.525,43.088,9,1,96,,,,,2,89,2,,1,77,2,,1,92,2,,2,80,2,,2,83,2,,2,98,2,,1,71,1,,2,76,2,,1,93,2,,1,95,2,,4,1,5,Finance,"France ",2,3,"1,2,3,4,5,6,7,8,9,10",1,3,,
2025-04-13 13:49:41,2025-04-13 13:50:05,0,213.55.247.13,1,24,0,2025-04-20 13:50:09,R_8woU1AivmfymW0D,,,,,46.207,6.151,anonymous,FR,,,,,,,,,,,,,,,,,,,,,,,,,,,,,,,,,,,,,,,,,,,,,,,,,,,,,,,,,,,,,,,,,,,,,,,,,,,,,,,,,,,,,,,,,,,,,,,,,,,,,,,,,,,,,,,,,,,,,,,,,,,,,,,,,,,,,,,,,,,,,,,,,,,,,,,,3377,SONA
2025-04-22 03:54:06,2025-04-22 04:13:36,0,31.10.149.179,100,1169,1,2025-04-22 04:13:36,R_22mF2zJEynawCgV,,,,,47.4095,8.5514,anonymous,FR,1,2.876,46.343,47.421,7,2,20,,,,,1.803,36.707,38.6,6,1,70,,,,,1.348,24.284,32.995,8,1,91,,,,,2.013,42.616,43.8,6,2,70,,,,,1.266,18.369,23.501,3,2,92,,,,,1.273,28.378,32.185,3,2,75,,,,,2.159,24.647,33.401,3,1,85,,,,,1.344,19.611,33.068,3,2,70,,,,,2.073,37.559,38.101,3,1,90,,,,,1.586,39.356,40.414,3,1,60,,,,,1,3,1,la capacité analytique de l'IA,2,90,1,"les détails apporté au niveau de la voix et des émotions qui sont incongruents  avec le récit ",1,72,2,,1,20,2," ",2,80,2,,2,80,2,,1,99,2,,1,30,1,"l'argument du cadre visuel convaincant lorsqu'elle évoque de la présence du père derrière la caméra ",1,99,2,,2,15,1,"l'argumentation sur la prototypicalité du discours sur une situation de bonheur ",2,2,2,"psychologie ","Suisse ",4,2,3,2,4,3214,SONA
2025-04-16 03:33:07,2025-04-16 03:33:12,0,128.179.143.250,1,5,0,2025-04-23 03:33:14,R_80ow3BFS5Dtff5X,,,,,46.5294,6.6123,anonymous,FR,,,,,,,,,,,,,,,,,,,,,,,,,,,,,,,,,,,,,,,,,,,,,,,,,,,,,,,,,,,,,,,,,,,,,,,,,,,,,,,,,,,,,,,,,,,,,,,,,,,,,,,,,,,,,,,,,,,,,,,,,,,,,,,,,,,,,,,,,,,,,,,,,,,,,,,,,
2025-04-16 03:48:59,2025-04-16 03:49:15,0,94.201.197.14,1,16,0,2025-04-23 03:49:16,R_9Y52ukcWeEY00NC,,,,,25.0734,55.2979,anonymous,FR,,,,,,,,,,,,,,,,,,,,,,,,,,,,,,,,,,,,,,,,,,,,,,,,,,,,,,,,,,,,,,,,,,,,,,,,,,,,,,,,,,,,,,,,,,,,,,,,,,,,,,,,,,,,,,,,,,,,,,,,,,,,,,,,,,,,,,,,,,,,,,,,,,,,,,,,,
2025-04-16 04:35:11,2025-04-16 04:35:23,0,105.66.2.169,48,11,0,2025-04-23 04:35:25,R_2v9iMAXMQ0mrbwt,,,,,33.5922,-7.6184,anonymous,FR,1,,,,,,,,,,,,,,,,,,,,,,,,,,,,,,,,,,,,,,,,,,,,,,,,,,,,,,,,,,,,,,,,,,,,,,,,,,,,,,,,,,,,,,,,,,,,,,,,,,,,,,,,,,,,,,,,,,,,,,,,,,,,,,,,,,,,,,,,,,,,,,,,,,,,,,,,
2025-04-23 04:07:38,2025-04-24 06:48:05,0,130.223.143.122,100,96027,1,2025-04-24 06:48:06,R_8t9cMzAmLWPujmN,,,,,46.1702,7.1833,anonymous,FR,1,12.098,178.689,179.369,8,1,60,1,70,2,,1.945,43.814,49.319,8,1,70,2,50,1,La notification de l’émotion transmise me paraît très interessant ainsi que celle des modèles vocaux aussi.,1.301,40.108,40.729,9,1,80,1,70,2,,1.945,79.379,80.901,7,2,50,2,60,2,,1.551,36.706,37.412,8,1,80,1,90,2,,1.526,51.249,54.587,8,2,51,2,50,2,,1.309,104.108,104.668,13,1,81,1,90,2,,2.084,38.376,38.968,5,1,70,1,80,2,,1.552,56.057,56.422,13,2,49,2,60,2,,1.399,48.968,49.51,17,1,81,2,70,1,"La mise en évidence de la narration trop parfaite m’a fait réfléchir également ",,,,,,,,,,,,,,,,,,,,,,,,,,,,,,,,,,,,,,,,,2,1,4,"Bachelor en science du mouvement et du sport ",Suisse,3,2,"1,3,4,6,7,8,10",1,4,2972,SONA
2025-04-25 04:31:24,2025-04-25 05:48:37,0,81.88.187.213,100,4632,1,2025-04-25 05:48:38,R_2RwFU71AyCBk5kh,,,,,46.9447,7.4651,anonymous,FR,1,1.682,81.224,81.901,11,1,60,,,,,1.435,39.236,40.801,6,1,79,,,,,0.977,53.833,55.766,9,2,81,,,,,0.828,61.066,62.477,16,2,76,,,,,1.243,37.764,38.693,9,2,73,,,,,1.127,38.241,39.201,12,2,86,,,,,0.936,60.942,61.437,8,1,79,,,,,1.23,42.115,43.02,11,1,79,,,,,1.601,42.357,43.259,8,2,77,,,,,0.941,39.74,40.901,7,2,67,,,,,2,41,1,Je m’étais davantage concentrée sur les gestes de la personne et non pas sur ce qu’elle disait voir.,1,84,2,,2,87,2,,2,73,2,,1,71,1,Les éléments précis que relève l’IA,2,91,2,,1,86,2,,1,88,2,,1,60,1,"Les arguments de l’IA étaient plutôt convaincants, je teste ceci dit dubitatif",2,87,1,"Le feedback a renforcé mon avis initial ",2,2,4,Lettres,Suisse,3,4,"3,4,5",1,3,3029,SONA
2025-04-30 08:52:27,2025-04-30 09:06:37,0,128.179.252.154,100,849,1,2025-04-30 09:06:37,R_2nH1avU1N5F8Hji,,,,,46.5163,6.5802,anonymous,FR,1,42.852,52.875,54.557,2,1,55,1,66,2,,41.218,51.805,52.744,2,2,70,2,78,1,ça a confirmé ce que je pensais déjà,32.655,36.693,37.484,2,1,71,1,55,2,,30.55,39.92,40.7,2,2,46,1,63,1,,12.689,25.549,26.894,3,2,88,2,91,2,,40.178,46.613,47.217,2,1,88,1,95,2,,37.178,42.836,43.878,5,1,46,1,69,1,,13.129,28.523,34.597,4,1,69,1,78,2,,1.655,30,33.358,3,2,90,2,90,2,,11.74,37.883,38.69,5,1,71,2,81,1,,,,,,,,,,,,,,,,,,,,,,,,,,,,,,,,,,,,,,,,,,2,2,5,ingenierie,espagne,3,3,"2,3,4,5,7,8",3,2,,
2025-04-30 09:02:37,2025-04-30 09:07:40,0,46.253.188.135,100,303,1,2025-04-30 09:07:40,R_8BlYS3OXcWfAuNo,,,,,46.1953,6.1385,anonymous,FR,1,2.404,7.49,8.302,6,1,40,,,,,1.385,5.421,5.87,5,2,50,,,,,12.643,15.761,16.404,5,2,44,,,,,1.322,5.438,6.298,6,2,44,,,,,2.529,4.751,5.417,5,2,41,,,,,6.67,8.33,8.829,3,2,45,,,,,1.519,8.335,9.052,8,2,50,,,,,1.47,4.101,4.897,5,1,41,,,,,1.57,3.201,4.711,4,2,49,,,,,3.773,5.891,6.329,4,1,38,,,,,1,44,1,,1,33,1,,1,31,2,,2,45,2,,1,49,2,,1,46,1,,1,40,2,,1,53,1,,1,57,1,,1,61,2,,2,1,5,Statistique,Gréce,5,5,10,4,5,,
2025-04-30 08:56:00,2025-04-30 09:08:02,0,128.179.186.13,100,722,1,2025-04-30 09:08:02,R_8mnJexmGo7M5VQt,,,,,46.5294,6.6123,anonymous,FR,1,39.011,42.709,44.615,4,2,29,,,,,11.058,12.828,14.164,2,2,0,,,,,17.642,19.96,21.015,2,2,41,,,,,36.822,42.992,43.885,4,2,23,,,,,23.97,28.269,30.136,3,2,77,,,,,25.631,28.521,33.64,3,2,77,,,,,31.242,37.989,39.459,3,1,46,,,,,48.212,55.579,56.089,3,1,51,,,,,37.468,40.138,41.136,2,1,30,,,,,35.869,38.401,39.421,3,1,51,,,,,2,51,1,"Ça a renforcé mes avis 
",2,50,1,"j'entendais pas la video du coup je peux que me fier au feedback
",2,51,1,"j'entendais toujours pas la vidéo
",2,23,2,,2,56,2,,2,82,2,,1,51,2,,1,51,2,,1,36,2,,1,50,2,,2,2,2,maths,"italie
",3,2,"3,4,5,7,9",1,2,,
2025-04-30 08:52:09,2025-04-30 09:08:04,0,79.127.169.26,100,954,1,2025-04-30 09:08:04,R_22m4vhBCYvxyKpb,,,,,48.8558,2.3494,anonymous,FR,1,40.514,46.225,52.041,2,2,61,,,,,91.175,97.031,97.974,2,1,75,,,,,47.966,51.935,55.832,3,2,72,,,,,26.979,35.214,39.246,2,2,82,,,,,40.374,44.201,45.095,2,2,68,,,,,35.706,38.029,38.855,2,2,75,,,,,40.042,43.27,44.459,2,2,72,,,,,40.59,43.135,43.955,2,2,73,,,,,10.268,17.591,34.2,2,1,80,,,,,29.316,33.336,36.5,2,1,69,,,,,1,60,2,,1,71,2,,2,71,2,,2,72,2,,2,75,2,,2,72,2,,2,77,2,,2,75,2,,1,70,2,,2,66,1,Pour une fois je suis d'accord avec l'IA. Mais pour les autres questions je me suis plus attaché au langage corporel qu'au contenu.,4,1,5,Informatique,France,5,5,"2,3,5,8",3,4,,
2025-04-30 08:54:10,2025-04-30 09:15:44,0,88.124.129.174,100,1294,1,2025-04-30 09:15:45,R_273aEzOz3lVtolY,,,,,43.5482,6.9431,anonymous,FR,1,23.589,43.56,44.328,3,2,20,,,,,52.581,69.018,70.236,2,2,21,,,,,25.034,27.172,28.351,2,2,70,,,,,34.863,38.588,39.624,3,2,41,,,,,17.942,41.793,46.903,3,2,71,,,,,37.287,105.198,105.582,4,1,1,,,,,67.808,70.287,71.092,2,1,71,,,,,70.32,72.083,73.008,2,2,9,,,,,7.527,37.453,38.481,2,2,18,,,,,236.496,239.823,240.472,4,1,31,,,,,2,20,1,Les voitures de courses en combinaison avec la plage c'est vrai quon voit pas ca souvent,2,41,1,cest vrai qu'elle a l'air tense,2,50,2,,2,29,1,"Je suis moins sûre qu'il ment. Mais je pense toujours qu'il ment, car il met justement TROP de détails dans son descriptif (le fait que ca soit un labrodaor, par exemple), afin de bluffer",1,10,1,"Javais pas capté que les gens étaient habillé en tenue 
militaire",1,40,1,"Avant, j'entendais pas bien en fait la video :/",2,82,1,je suis plus sûre de mon opinion,2,9,2,,1,10,1,"Cest vrai que l'orateur prend un voix douce et plus emotive en descrivant la scène ",1,20,2,,3,2,5,Ingénerie Mécanique,Suisse,5,3,"1,2,3,4,6,8",3,3,,
2025-04-30 08:52:30,2025-04-30 09:26:48,0,91.171.180.116,100,2057,1,2025-04-30 09:26:48,R_2fObnv5Mi1QzaSB,,,,,47.6951,7.3993,anonymous,FR,1,6.5,62.836,63.662,10,1,82,1,82,2,,9.247,119.062,120.686,9,2,50,2,50,2,,6.257,77.104,78.062,5,1,85,1,85,2,,4.412,79.305,80.118,7,2,70,2,70,2,,5.521,77.125,78.279,6,1,70,1,70,2,,3.566,55.447,56.462,7,2,60,2,59,2,,4.058,51.016,51.991,9,1,90,1,90,2,,4.919,80.806,82.094,5,1,60,1,60,2,,2.8,50.876,51.749,7,1,70,1,60,2,,3.835,111.552,112.137,7,1,66,1,50,1,L'aspect trop narratif soulevé.,,,,,,,,,,,,,,,,,,,,,,,,,,,,,,,,,,,,,,,,,4,2,4,Enseignement,France,2,2,"2,3",1,3,,
2025-04-30 09:19:15,2025-04-30 09:38:51,0,185.25.192.3,100,1175,1,2025-04-30 09:38:51,R_2UVJx32N3m2hYrC,,,,,46.4855,6.5626,anonymous,FR,1,2.232,35.603,37.218,7,1,70,,,,,27.553,87.383,92.359,11,1,60,,,,,147.182,150.273,151.671,5,1,70,,,,,1.644,33.437,39.058,9,1,50,,,,,25.332,29.836,30.977,5,2,30,,,,,21.516,25.085,25.383,6,2,40,,,,,1.571,28.264,29.543,10,1,40,,,,,24.774,29.483,29.6,6,2,40,,,,,2.88,26.767,27.968,9,2,50,,,,,1.766,44.3,45.571,5,2,29,,,,,1,70,2,,2,50,1,"arguments clairs, et plausibles",2,50,2,,1,80,2,,2,25,2,,1,50,1,Il a donné des éléments pertinents pour contredire mes premières réflexions sur le mensonge potentiel. J'avais l'impression au niveau émotionnel qu'il ne disait pas la vérité.,1,80,2,,1,40,1,"J'ai eu du mal à lire les émotions sur la vidéo de la personne, mais le feedback a permis de me donner un autre avis.",2,50,2,,2,70,2,,2,1,5,Aéronautique,France,4,4,"1,2,3,7,8,10",3,2,,
2025-04-30 10:30:36,2025-04-30 10:50:27,0,84.227.52.215,100,1191,1,2025-04-30 10:50:28,R_2F1JkOMWD9xrHcB,,,,,46.4912,6.6349,anonymous,FR,1,2.007,53.802,54.852,13,2,60,2,80,2,,2.042,57.073,57.701,6,1,75,1,70,2,,2.001,56.241,56.734,8,1,80,1,70,2,,2.159,44.679,45.643,8,2,85,2,80,2,,1.12,52.023,53.001,8,1,50,1,70,1,"Je n’étais pas très sûre de ma réponse et le feedback a répondu à mes interrogations et m’a conforté dans mon choix de réponse ",1.433,37.48,37.9,8,2,75,2,70,1,"J’étais assez sûre de mon choix au début et le feedback a contredit ce que je pensais donc il m’a fait douter maintenant je suis moins sûre ",1.6,51.838,52.764,8,1,80,1,80,2,,1.252,45.093,46.132,8,1,70,1,85,1,"Le feedback m’a conforté dans mon choix et m’a rendu plus sûr de ma réponse ",2.187,57.537,58.001,14,1,65,1,65,2,,1.429,44.972,45.986,6,2,70,2,80,1,"Il m’a rassuré sur mes suppositions et m’a conforté dans mon choix que la personne mentait, je suis donc plus (+) sûr de ma réponse ",,,,,,,,,,,,,,,,,,,,,,,,,,,,,,,,,,,,,,,,,2,2,4,"Psychologie ","Suisse ",3,3,"3,5,7,8",1,3,,
2025-04-30 10:51:26,2025-04-30 11:28:20,0,84.75.202.102,100,2214,1,2025-04-30 11:28:21,R_8dZodfRCRQXQdxp,,,,,46.5388,6.5886,anonymous,FR,1,3.369,48.367,50.028,6,1,49,,,,,1.83,53.55,54.826,9,1,67,,,,,1.907,38.68,39.958,5,1,29,,,,,1.608,39.024,40.057,4,2,30,,,,,1.923,41.92,43.255,7,1,51,,,,,2.694,34.794,36.091,5,2,60,,,,,1.915,53.136,54.389,9,1,49,,,,,1.697,109.076,110.304,12,1,62,,,,,2.231,31.853,33.257,5,1,48,,,,,1.647,44.496,48.226,8,1,67,,,,,1,29,1,augmenter les doutes,1,53,2,,2,41,2,,1,51,1,les détails,1,50,2,,2,51,2,,1,51,2,,1,61,2,,1,60,1,renforce l'idée de la tonalité de la voix,1,41,1,pas de détails spécifiques,2,1,5,Sciences du vivant,Allemagne,4,3,"1,2,3,4,5,6,7,8,9,10",2,3,,
2025-04-30 11:17:56,2025-04-30 11:30:22,0,185.25.193.185,100,746,1,2025-04-30 11:30:23,R_2IMWTTB53Sirs2J,,,,,46.4855,6.5626,anonymous,FR,1,27.578,68.808,69.221,9,1,75,1,60,1,,1.175,46.748,47.325,10,2,70,2,29,1,,1.219,37.11,37.594,6,2,85,1,90,1,,1.013,42.809,43.41,6,1,60,1,80,2,,1.052,37.8,40.578,8,2,70,2,61,2,,0.834,26.911,27.38,7,1,70,1,71,2,,0.983,42.628,43.536,9,1,60,1,72,1,,0.874,43.975,44.501,9,2,75,2,50,1,,0.705,42.973,44.4,6,1,70,1,90,1,,0.943,34.314,34.6,7,1,61,1,62,2,,,,,,,,,,,,,,,,,,,,,,,,,,,,,,,,,,,,,,,,,,2,2,4,Ingénierie,France,5,5,"1,2,3,4,5,6,7,8,9,10",3,3,,
2025-04-30 11:24:10,2025-04-30 11:54:46,0,37.165.29.59,100,1836,1,2025-04-30 11:54:47,R_1egeBUaB0oERkjz,,,,,48.8558,2.3494,anonymous,FR,1,3.954,47.279,48.364,12,1,80,,,,,2.956,78.649,79.58,16,2,50,,,,,2.101,38.647,39.444,6,1,87,,,,,3.701,94.518,95.53,23,1,90,,,,,1.645,106.57,107.13,15,2,88,,,,,4.201,93.956,94.535,9,1,89,,,,,5.201,50.795,51.994,13,2,40,,,,,1.254,52.942,53.6,27,1,29,,,,,1.216,36.982,37.523,7,1,86,,,,,3.489,81.937,82.515,20,2,85,,,,,2,70,1,La seine n’est pas sur la Côte D’Azur,2,70,2,,1,90,2,,1,100,1,Il m’a rassuré sur la véracité des informations précises dites dans la vidéo.,2,70,1,"Cela m’a mis le doute, car il est vrai que les éléments sont très bien décrits",1,91,2,,1,50,1,"Je soutiens que l’analyse est logique, et n’étant pas sur de mon choix de départ cela m’a influencé à changer de réponse",1,70,2,,1,95,2,,1,95,2,,2,2,3,Esthétique Cosmétique Parfumerie,France,5,3,"2,3,4,5,6,9",1,4,,
2025-04-30 11:36:37,2025-04-30 11:58:08,0,90.91.17.155,100,1291,1,2025-04-30 11:58:09,R_5HoClpucmAkIyjF,,,,,48.7719,2.0176,anonymous,FR,1,4.106,95.885,96.781,12,1,50,2,100,1,Les incoherence,1.601,114.225,114.701,17,1,97,1,97,2,Rien,1.84,83.27,84.53,13,2,52,2,100,2,,3.101,50.794,51.4,13,2,100,2,56,2,,2.419,42.403,43.84,8,1,56,1,100,2,,1.384,39.42,40.1,8,2,100,2,53,1,La cohérence du texte,1.26,44.57,46.364,8,1,58,1,100,2,,1.851,41.803,42.525,7,2,100,1,100,1,La cohérence du recit,1.154,44.066,44.401,8,1,100,1,100,2,,1.452,45.384,46.242,7,1,62,2,100,1,J’avais des doutes et donc le feedback m’a convaincu,,,,,,,,,,,,,,,,,,,,,,,,,,,,,,,,,,,,,,,,,4,2,4,"Professeur de sport et agent immobilier ",Belgique,2,2,"1,2,5,6,7,8",1,3,,
2025-04-30 11:37:09,2025-04-30 12:07:17,0,77.130.249.41,100,1807,1,2025-04-30 12:07:17,R_8qvGpHpgK2H9UoV,,,,,48.8558,2.3494,anonymous,FR,1,29.802,68.375,68.935,8,1,80,,,,,7.63,107.166,107.748,24,2,80,,,,,9.651,66.736,67.575,11,2,100,,,,,17.898,101.936,102.549,7,1,81,,,,,17.851,43.077,43.601,6,2,70,,,,,36.157,40.299,41.202,5,1,100,,,,,14.627,50.172,50.732,6,1,82,,,,,15.638,53.478,54.226,7,1,80,,,,,57.037,64.175,64.866,5,2,81,,,,,27.503,31.269,31.574,5,1,100,,,,,1,80,2,,2,100,2,,2,100,2,,1,100,1,"Conforte mon ressenti ",2,100,2,,1,100,1,Va dans le sens de mon ressenti,1,100,2,,1,100,2,,2,83,2,,1,100,2,,4,1,5,Informatique,France,2,5,"1,2,3,4,5,6,7,8,10",3,3,,
2025-04-30 13:28:36,2025-04-30 13:36:32,0,128.179.252.9,100,476,1,2025-04-30 13:36:33,R_5i0eiBha6HkXjrP,,,,,46.5163,6.5802,anonymous,FR,1,19.655,22.292,28.52,2,1,77,,,,,10.793,13.364,14.152,2,2,41,,,,,15.633,21.118,21.704,2,2,50,,,,,8.177,26.499,28.383,6,2,64,,,,,11.566,14.817,15.563,2,1,14,,,,,7.185,13.563,14.398,5,2,15,,,,,30.32,34.691,35.602,4,1,37,,,,,16.544,21.215,22.502,2,1,19,,,,,10.399,13.738,14.47,2,2,31,,,,,37.123,40.024,40.777,2,1,29,,,,,1,78,2,,2,43,2,,2,50,2,,2,64,2,,1,24,2,,2,5,2,,1,55,2,,1,20,2,,2,20,2,,1,30,2,,3,1,4,computer science,italy,5,5,"1,2,3,4,5,6,7,8,9,10",3,2,,
2025-04-30 09:40:58,2025-04-30 16:08:35,0,82.66.137.86,100,23256,1,2025-04-30 16:08:35,R_8p828N5adfnebct,,,,,48.9247,2.3975,anonymous,FR,1,3.76,76.461,77.497,8,1,65,,,,,1.54,63.076,64.06,8,1,70,,,,,1.2,89.49,91.481,27,2,50,,,,,1.993,107.719,108.376,12,1,55,,,,,1.24,83.13,85.382,6,1,75,,,,,1.291,40.139,41.274,7,2,35,,,,,1.347,70.47,72.449,16,2,2,,,,,1.897,75.946,77.601,7,2,50,,,,,1.5,50.534,51.851,7,2,60,,,,,1.3,63.691,64.958,8,1,60,,,,,1,65,2,,1,70,2,,2,30,1,les arguments du feedback me paraissent faux et me font croire que peut etre cette personne dit la verite,1,55,2,,1,75,2,,2,35,2,,1,50,1,"je n’avais pas le son sur la video, je m’en suis remise a l’avis du feedback",2,50,2,,2,55,2,,1,50,1,absence de detail,4,2,4,santé,france,1,2,"1,2,3,6,7,8,10",1,2,,
2025-05-01 01:31:55,2025-05-01 01:54:44,0,88.122.28.34,100,1369,1,2025-05-01 01:54:45,R_8AOVRevrhzYUTm1,,,,,46.3587,6.1403,anonymous,FR,1,1.963,54.597,55.676,12,2,20,,,,,1.674,52.809,55.101,6,1,50,,,,,1.384,42.583,44.238,9,1,60,,,,,1.934,56.024,57.033,11,2,20,,,,,4.262,50.247,51.357,8,2,40,,,,,1.201,41.938,42.846,10,1,60,,,,,14.192,56.824,58.128,9,1,60,,,,,1.199,76.91,78.079,7,2,10,,,,,1.101,47.935,49.403,10,1,80,,,,,1.231,44.225,45.264,8,2,30,,,,,2,40,1,ça a confirmé mes propres soupçons,1,50,2,,2,40,1,"Ça m’a fait douter de mon analyse ",2,20,2,,2,40,2,,1,70,1,Il a juste renforcé ma déduction,1,70,2,,2,5,2,,1,80,2,,2,60,1,"Confirmer mes soupçons ",2,2,4,"Photographie ","France ",5,3,"1,2,3,4,5,6,7,8,10",1,4,,
2025-05-01 02:05:41,2025-05-01 02:23:07,0,92.184.105.14,100,1045,1,2025-05-01 02:23:08,R_6dKqc735HhsWJDT,,,,,48.6813,6.2121,anonymous,FR,1,1.701,65.155,65.194,10,2,53,2,72,1,,1.427,58.353,60.056,7,1,62,2,51,1,,1.846,70.319,71.146,7,1,85,1,79,2,,1.34,44.54,45.702,6,2,49,2,56,2,,1.629,42.766,43.457,6,1,80,1,78,2,,1.378,47.73,48.578,6,2,39,1,73,1,,1.3,47.657,49.035,8,1,83,1,71,2,,1.582,51.57,51.501,11,2,74,2,75,2,,1.376,55.258,56.753,9,1,77,1,74,2,,2.389,56.829,58.264,10,2,64,2,75,2,,,,,,,,,,,,,,,,,,,,,,,,,,,,,,,,,,,,,,,,,,4,2,4,"Modéliste ",France,1,1,"2,3,5,8",1,1,,
2025-05-01 02:11:22,2025-05-01 02:33:35,0,178.197.223.74,100,1333,1,2025-05-01 02:33:36,R_87Y9EGrSGOInSil,,,,,47.3643,8.5437,anonymous,FR,1,2.904,49.071,49.422,15,2,69,,,,,1.67,44.578,45.924,12,2,61,,,,,0.875,38.61,39.081,9,1,82,,,,,2.5,40.646,41.174,7,2,77,,,,,1.76,42.051,43.601,8,2,52,,,,,2.209,46.927,47.329,11,2,62,,,,,2.39,40.802,41.314,11,2,70,,,,,1.898,39.013,39.333,10,2,49,,,,,1.83,27.26,27.94,15,1,80,,,,,2.585,39.845,40.122,13,1,73,,,,,2,61,1,"Mon opinion est la même mais j'ai pris en compte ces arguments qui sont parfois intéressants.
",2,70,1,"Une IA ou un humain peut faire ce feedback sauf pour l'argument de la détection de l'émotion où j'estime faire plus confiance à l'humain. ",1,81,2,,2,76,2,,1,70,1,Mon analyse du comportement non-verbal ne m'a pas aidé alors je prends en compte l'analyse du contenu de l'IA,1,71,1,"Ambiguïté du comportement non-verbal mais je fais confiance à l'analyse de contenu et émotionnelle de l'humain.
",2,71,2,,1,70,1,"Prise en compte de l'analyse de contenu, non-verbale et émotionnelle.",1,80,2,,2,49,1,Arguments pertinentes de la description stéréotypée de ce genre de situation.,2,1,5,"Psychologie ",Suisse,1,4,"3,8",1,3,,
2025-05-01 08:40:13,2025-05-01 09:08:25,0,184.160.224.125,100,1691,1,2025-05-01 09:08:26,R_77PcTpo3sVLmGrU,,,,,46.7411,-71.4455,anonymous,FR,1,6.72,61.322,85.091,10,1,95,1,85,2,,5.946,145.82,146.548,21,1,80,1,75,1,"J'ai plus de doutes mais je n'ai pas changé mon opinion ",8.082,40.894,41.518,8,1,95,1,95,2,,4.938,45.556,46,8,2,70,2,60,1,"J'ai plus de doutes mais je n'ai pas changé mon opinion ",4.014,38.627,39.19,6,2,90,2,90,2,,3.403,41,41.638,7,2,85,2,90,2,,3.695,41.074,41.575,7,1,80,1,80,2,,4.778,44.139,44.767,9,1,85,1,90,1,"Je suis d'accord avec les propos ",4.005,36.157,37.851,6,1,90,1,90,2,,9.644,95.346,95.882,26,2,85,2,95,1,"La description a confirmé mes doutes ",,,,,,,,,,,,,,,,,,,,,,,,,,,,,,,,,,,,,,,,,3,2,3,"Tourisme d'aventure ","France ",5,1,"5,8",1,4,,
2025-05-01 09:26:27,2025-05-01 09:41:43,0,185.25.195.61,100,916,1,2025-05-01 09:41:44,R_2tnf4PMeCkqPR6d,,,,,46.5388,6.5886,anonymous,FR,1,40.342,98.96,99.715,3,2,71,2,67,2,,37.743,41.048,42.21,2,1,54,1,54,2,,33.066,34.83,35.354,2,2,81,2,87,2,,59.15,61.773,62.5,2,1,71,1,72,2,,13.541,35.701,36.863,2,2,100,2,100,2,,28.759,35.816,36.356,7,2,100,2,100,2,,15.911,23.29,28.703,3,1,71,1,72,2,,44.303,46.608,47.282,3,1,71,1,72,2,,35.952,40.702,41.299,6,2,82,2,82,2,,40.767,45.87,46.639,6,1,80,2,51,1,,,,,,,,,,,,,,,,,,,,,,,,,,,,,,,,,,,,,,,,,,2,1,5,Data Science,France,5,5,"1,2,3,4,5,6,7,8,9,10",4,3,,
2025-05-01 11:17:05,2025-05-01 11:36:17,0,67.69.108.10,100,1151,1,2025-05-01 11:36:18,R_7BjoD3jfki2qIyl,,,,,42.9966,-79.2586,anonymous,FR,1,3.178,59.977,60.676,12,1,100,,,,,3.191,79.396,80.623,23,2,100,,,,,4.268,42.539,43.66,9,1,100,,,,,8.454,42.509,42.955,7,2,100,,,,,39.576,41.236,41.65,4,2,100,,,,,33.156,36.23,37.15,4,1,100,,,,,37.32,38.992,40.256,3,2,100,,,,,37.263,40.938,41.485,6,1,81,,,,,8.186,79.969,80.46,14,2,90,,,,,11.491,37.943,38.376,8,1,100,,,,,1,100,2,,2,100,2,,1,100,2,,1,100,1,"L'IA m'a convaincu que ma première réponse était fausse que de penser qu'il ne disait pas la vérité ",2,100,2,,1,100,2,,2,100,2,,1,100,1,,2,70,2,,2,61,1,L'IA m'a donné des informations que je ne n'ai pas soulevé.,3,1,4,Intervention sportive,Canada,5,3,"1,2,3,4,5,6,7,8,9,10",2,3,,
2025-05-01 19:24:25,2025-05-01 19:52:41,0,174.92.194.168,100,1695,1,2025-05-01 19:52:41,R_5Smvo8oRxlMuUal,,,,,46.8469,-71.3289,anonymous,FR,1,2.931,54.508,56.301,11,1,25,,,,,1.5,53.507,55.097,12,1,50,,,,,1.636,83.435,84.372,12,1,50,,,,,1.533,43.633,44.771,7,1,43,,,,,1.531,39.682,40.601,7,1,47,,,,,2.393,45.835,46.285,8,1,48,,,,,1.753,43.184,44.401,8,1,50,,,,,1.828,56.416,57.871,10,2,45,,,,,1.427,41.176,41.965,8,2,50,,,,,1.53,53.282,53.79,13,1,45,,,,,2,76,1,Le chapeau de pêcheur avec les autos sports,1,50,1,"La voix avec des pauses inhabituelles ",2,76,1,"Qul’il est fort probable que cela puisse être une tromperie ",1,81,1,La clarté du détail ´,1,76,1,"Le détail et la précision de la scène ",1,54,2,"La clarté et la précision ",1,73,2,"Précision décrite dans l’image ",1,69,1,"L’émotion de la fille lorsqu’elle décrit ",2,48,2,,2,67,1,"Pas assez de précisions et d’émotions ",4,2,4,"Administration "," Canada",5,4,"2,3,5",1,4,,
2025-05-02 02:17:41,2025-05-02 02:39:29,0,178.197.215.84,100,1307,1,2025-05-02 02:39:30,R_2B3RzC7Bq9cPZiV,,,,,47.1419,8.4593,anonymous,FR,1,8.667,45.425,46.443,4,1,60,2,7,1,l'IA avait une interprétation plus poussée et analysée que la mienne (je me basais sur mon feeling alors qu'elle a donné une explication rationnelle),1.469,37.511,38.297,4,2,60,2,72,2,,3.565,29.188,31.079,3,1,60,1,29,2,,0.962,226.049,226.902,3,2,27,2,18,2,,2.001,30.884,31.6,4,1,18,1,59,2,,1.094,58.916,60.236,3,1,17,1,49,2,,2.854,29.25,30.301,3,2,50,2,9,2,,0.911,34.288,35.088,4,1,19,1,39,2,,0.995,47.862,48.669,6,2,41,2,18,2,,0.855,100.074,101.132,5,1,20,2,18,1,"l'analyse de l'IA me semble pertinente et plutôt correcte ",,,,,,,,,,,,,,,,,,,,,,,,,,,,,,,,,,,,,,,,,2,1,2,psychologie,Israel,5,3,"1,2,3,4,5,6,7,8,9,10",1,3,3097,SONA
2025-04-30 09:12:10,2025-05-02 09:15:40,0,128.179.132.239,100,173009,1,2025-05-02 09:15:41,R_1Ra6z3SyuebyqsE,,,,,46.5246,6.5697,anonymous,FR,1,21.721,53.288,54.285,2,1,71,,,,,40.98,52.062,53.456,3,2,40,,,,,19.971,39.923,41.273,3,1,35,,,,,6.514,40.721,41.401,3,2,60,,,,,26.491,40.533,42.127,2,1,50,,,,,52.572,55.772,57.088,2,2,31,,,,,24.994,38.622,39.737,2,2,35,,,,,46.422,49.311,50.189,2,1,30,,,,,37.604,41.593,42.062,3,2,29,,,,,15.685,42.702,43.897,3,1,37,,,,,2,50,1,,2,50,1,,1,45,2,,2,70,1,,1,52,2,,2,42,2,,1,20,2,,1,33,1,,1,50,1,,1,30,2,,2,2,4,les neurosciences,France,4,4,"1,2,3,4,5,7,8,10",3,3,,
2025-05-02 09:44:40,2025-05-02 10:04:28,0,213.55.244.174,100,1187,1,2025-05-02 10:04:28,R_8OSKM1TYN21z4EF,,,,,46.1953,6.1385,anonymous,FR,1,36.618,43.119,43.712,2,2,70,,,,,34.48,40.989,41.521,4,2,40,,,,,32.21,37.044,37.632,2,1,72,,,,,42.374,44.135,44.672,3,1,31,,,,,51.271,52.235,52.701,2,2,31,,,,,46.338,47.456,48.132,3,1,53,,,,,70.71,72.138,72.755,2,2,50,,,,,36.384,37.2,37.813,2,1,47,,,,,38.197,38.764,39.768,2,2,63,,,,,54.346,55.098,55.876,2,1,37,,,,,2,70,2,,2,30,2,,1,61,2,,1,43,2,,2,36,2,,1,59,2,,1,49,2,,1,38,2,,2,65,2,,1,37,2,,2,1,2,Sciences des materiaux EPFL,Suisse,5,3,"2,3,4,5,8",1,3,,
2025-05-03 03:20:14,2025-05-03 03:45:32,0,90.91.17.155,100,1517,1,2025-05-03 03:45:33,R_2ZKygiXujs1Lcxt,,,,,48.7523,1.9427,anonymous,FR,1,3.249,126.487,127.477,14,1,90,1,90,2,,4.448,103.376,104.733,6,1,60,1,51,1,Pauses fréquentes lors de la narration,1.5,84.234,85.967,7,1,50,1,50,2,,1.201,52.132,52.801,8,2,80,2,80,2,,1.4,43.342,44.161,7,2,75,2,75,2,,1.569,41.393,42.046,6,1,80,1,80,2,,1.551,47.694,48.852,7,1,60,1,60,2,,1.265,46.898,48.6,7,1,75,1,75,2,,1.455,43.929,45.034,8,1,90,1,90,2,,1.654,47.158,48.161,8,2,75,2,90,1,"Renforce mon opinion ",,,,,,,,,,,,,,,,,,,,,,,,,,,,,,,,,,,,,,,,,5,1,6,Finance,France,2,3,"1,2,3,5,7,8,9",1,4,,
2025-05-04 04:59:29,2025-05-04 05:20:46,0,213.55.244.174,100,1277,1,2025-05-04 05:20:47,R_8eqndczLlaOVhla,,,,,46.1953,6.1385,anonymous,FR,1,2.706,54.464,54.743,12,1,69,,,,,0.7,38.172,38.529,27,2,81,,,,,0.934,35.99,36.864,19,1,60,,,,,1.472,41.91,42.985,13,2,81,,,,,0.859,42.829,42.844,17,1,88,,,,,1.205,31.542,33.739,19,2,56,,,,,0.997,42.362,43.386,19,2,32,,,,,0.951,32.407,33.981,18,2,100,,,,,3.955,48.752,49.422,13,1,47,,,,,0.837,44.839,45.401,24,2,76,,,,,1,77,1,"Elle m’a rendu plus confiant que la personne disait la vérité ",2,100,1,"C’est claire c’est ce que je pensait donc ça a renforcer mon impression originale ",1,60,2,,2,70,2,"Trop de détail il ment ",1,100,1,"Renforce mon impression ",2,55,2,,2,24,2,,2,100,2,,1,68,1,"Renforce mon impression ",2,100,1,"Renforce mon impression ",2,1,5,"Nero-X, càd neuro ingénierie ",Italie,4,5,"1,2,5,6,7,8,10",3,3,,
2025-04-28 08:57:02,2025-04-28 08:57:12,0,109.203.62.9,48,9,0,2025-05-05 08:57:15,R_8r7lCslsX0Ot2w0,,,,,46.7245,6.5286,anonymous,FR,1,,,,,,,,,,,,,,,,,,,,,,,,,,,,,,,,,,,,,,,,,,,,,,,,,,,,,,,,,,,,,,,,,,,,,,,,,,,,,,,,,,,,,,,,,,,,,,,,,,,,,,,,,,,,,,,,,,,,,,,,,,,,,,,,,,,,,,,,,,,,,,,,,,,,,,,2972,SONA
2025-04-29 01:14:07,2025-04-29 01:14:17,0,194.230.145.123,48,10,0,2025-05-06 01:14:24,R_816AdMCIZ4B6od7,,,,,46.0025,8.9533,anonymous,FR,1,,,,,,,,,,,,,,,,,,,,,,,,,,,,,,,,,,,,,,,,,,,,,,,,,,,,,,,,,,,,,,,,,,,,,,,,,,,,,,,,,,,,,,,,,,,,,,,,,,,,,,,,,,,,,,,,,,,,,,,,,,,,,,,,,,,,,,,,,,,,,,,,,,,,,,,3352,SONA
2025-05-06 07:33:22,2025-05-06 07:53:05,0,83.229.26.192,100,1183,1,2025-05-06 07:53:06,R_6mN05ozTdCtBk2t,,,,,40.7157,-74,anonymous,FR,1,59.108,73.535,74.301,4,2,80,2,100,2,,30.963,34.607,35.467,2,1,100,2,100,1,"on entendait pas très bien l'audio, alors je me suis basée sur le mécanisme de présentation des éléments observé qui me paraissait assez mécanique comme une lecture.",43.632,46.13,48.036,2,1,50,1,80,2,,70.03,72.46,73.983,2,2,100,2,70,2,"pour moi trop de reflexion sur ce qu'il voit le temps de la sa réponse est trop long et sous entend la réflexion a un mensonge. ",69.073,71.992,73.323,2,1,71,1,81,2,,63.437,70.801,72.157,2,2,100,2,100,2,,45.915,48.662,50.072,2,1,51,1,100,1,cela l'a confirmé,33.68,36.796,37.672,2,1,82,1,82,2,,36.468,39.248,40.447,2,1,72,1,72,2,,40.015,43.311,44.56,3,2,60,2,82,1,,,,,,,,,,,,,,,,,,,,,,,,,,,,,,,,,,,,,,,,,,3,1,3,"Psychologie ",Portugal,4,4,"1,3,4,5,9",1,3,3347,SONA
2025-04-30 08:37:35,2025-04-30 08:37:58,0,192.33.196.31,48,21,0,2025-05-07 08:38:05,R_8oFpctXjAMt7kRL,,,,,46.5285,6.5568,anonymous,FR,1,,,,,,,,,,,,,,,,,,,,,,,,,,,,,,,,,,,,,,,,,,,,,,,,,,,,,,,,,,,,,,,,,,,,,,,,,,,,,,,,,,,,,,,,,,,,,,,,,,,,,,,,,,,,,,,,,,,,,,,,,,,,,,,,,,,,,,,,,,,,,,,,,,,,,,,,
2025-04-30 08:45:28,2025-04-30 08:46:06,0,128.179.163.63,50,38,0,2025-05-07 08:46:09,R_2AxbAsgnqKAcEIF,,,,,46.5246,6.5697,anonymous,FR,1,7.603,17.452,17.981,8,1,45,,,,,,,,,,,,,,,,,,,,,,,,,,,,,,,,,,,,,,,,,,,,,,,,,,,,,,,,,,,,,,,,,,,,,,,,,,,,,,,,,,,,,,,,,,,,,,,,,,,,,,,,,,,,,,,,,,,,,,,,,,,,,,,,,,,,,,,,,,,,,,,,,,
2025-04-30 08:44:31,2025-04-30 08:46:18,0,128.179.154.81,50,107,0,2025-05-07 08:46:21,R_7Jn6tOkzF49UtNb,,,,,46.5163,6.5802,anonymous,FR,1,1.462,56.735,57.422,8,2,50,,,,,,,,,,,,,,,,,,,,,,,,,,,,,,,,,,,,,,,,,,,,,,,,,,,,,,,,,,,,,,,,,,,,,,,,,,,,,,,,,,,,,,,,,,,,,,,,,,,,,,,,,,,,,,,,,,,,,,,,,,,,,,,,,,,,,,,,,,,,,,,,,,
2025-04-30 08:50:07,2025-04-30 08:56:18,0,128.179.186.13,57,370,0,2025-05-07 08:56:25,R_8inF1MYn3FeNa81,,,,,46.5294,6.6123,anonymous,FR,1,60.364,99.63,100.676,4,2,42,2,77,1,"le fait que ça confirme quelque chose dont je n'étais pas sure renforce mes arguments ",2.32,44.158,45.515,9,1,0,2,31,1,"j'entendais rien dans la video du coup j'ai répondu au bol la première fois 
",,,,,,,,,,,,,,,,,,,,,,,,,,,,,,,,,,,,,,,,,,,,,,,,,,,,,,,,,,,,,,,,,,,,,,,,,,,,,,,,,,,,,,,,,,,,,,,,,,,,,,,,,,,,,,,,,,,,,,,,,,,,,,,,,,,,
2025-04-30 08:53:13,2025-04-30 08:57:44,0,78.242.21.200,48,270,0,2025-05-07 08:57:48,R_2cbH4wpF6kAARmx,,,,,47.5941,7.5698,anonymous,FR,1,,,,,,,,,,,,,,,,,,,,,,,,,,,,,,,,,,,,,,,,,,,,,,,,,,,,,,,,,,,,,,,,,,,,,,,,,,,,,,,,,,,,,,,,,,,,,,,,,,,,,,,,,,,,,,,,,,,,,,,,,,,,,,,,,,,,,,,,,,,,,,,,,,,,,,,,
2025-04-30 08:56:31,2025-04-30 09:03:27,0,31.40.215.160,64,415,0,2025-05-07 09:03:29,R_8953jOJ9UIGTtOp,,,,,47.3643,8.5437,anonymous,FR,1,53.607,60.605,61.71,5,1,39,1,41,2,,44.816,50.048,51.701,5,2,19,2,61,2,,45.011,49.413,50.836,5,1,29,1,21,2,,44.226,49.01,49.831,6,2,60,,,,,,,,,,,,,,,,,,,,,,,,,,,,,,,,,,,,,,,,,,,,,,,,,,,,,,,,,,,,,,,,,,,,,,,,,,,,,,,,,,,,,,,,,,,,,,,,,,,,,,,,,,,,,,,,,,,,
2025-04-30 09:11:06,2025-04-30 09:11:41,0,128.179.179.251,50,34,0,2025-05-07 09:11:47,R_8QoAggPbnIaasq4,,,,,46.5388,6.5886,anonymous,FR,1,10.55,14.767,16.367,7,2,15,,,,,,,,,,,,,,,,,,,,,,,,,,,,,,,,,,,,,,,,,,,,,,,,,,,,,,,,,,,,,,,,,,,,,,,,,,,,,,,,,,,,,,,,,,,,,,,,,,,,,,,,,,,,,,,,,,,,,,,,,,,,,,,,,,,,,,,,,,,,,,,,,,
2025-04-30 09:11:49,2025-04-30 09:13:05,0,128.179.181.29,50,76,0,2025-05-07 09:13:07,R_8HhpPCbTeBGuIWl,,,,,46.5285,6.5568,anonymous,FR,1,5.276,43.74,45.72,7,1,53,,,,,,,,,,,,,,,,,,,,,,,,,,,,,,,,,,,,,,,,,,,,,,,,,,,,,,,,,,,,,,,,,,,,,,,,,,,,,,,,,,,,,,,,,,,,,,,,,,,,,,,,,,,,,,,,,,,,,,,,,,,,,,,,,,,,,,,,,,,,,,,,,,
2025-04-30 08:41:38,2025-04-30 09:13:22,0,128.179.206.130,1,1903,0,2025-05-07 09:13:22,R_2XjWaOVNlsNFrpf,,,,,46.5294,6.6123,anonymous,FR,,,,,,,,,,,,,,,,,,,,,,,,,,,,,,,,,,,,,,,,,,,,,,,,,,,,,,,,,,,,,,,,,,,,,,,,,,,,,,,,,,,,,,,,,,,,,,,,,,,,,,,,,,,,,,,,,,,,,,,,,,,,,,,,,,,,,,,,,,,,,,,,,,,,,,,,,
2025-04-30 09:12:31,2025-04-30 09:13:38,0,185.25.194.55,52,66,0,2025-05-07 09:13:43,R_2YPsqs6BOJzw6P8,,,,,46.4855,6.5626,anonymous,FR,1,1.3,15.236,15.879,11,2,86,,,,,,,,,,,,,,,,,,,,,,,,,,,,,,,,,,,,,,,,,,,,,,,,,,,,,,,,,,,,,,,,,,,,,,,,,,,,,,,,,,,,,,,,,,,,,,,2,86,2,,,,,,,,,,,,,,,,,,,,,,,,,,,,,,,,,,,,,,,,,,,,,,,,,
2025-04-30 09:15:31,2025-04-30 09:15:46,0,128.179.140.127,48,14,0,2025-05-07 09:15:52,R_263U0cELnUx0KFk,,,,,46.488,6.607,anonymous,FR,1,,,,,,,,,,,,,,,,,,,,,,,,,,,,,,,,,,,,,,,,,,,,,,,,,,,,,,,,,,,,,,,,,,,,,,,,,,,,,,,,,,,,,,,,,,,,,,,,,,,,,,,,,,,,,,,,,,,,,,,,,,,,,,,,,,,,,,,,,,,,,,,,,,,,,,,,
2025-04-30 09:08:10,2025-04-30 09:16:36,0,185.25.192.3,57,505,0,2025-05-07 09:16:38,R_2Cv9aWnQdrGRHME,,,,,46.4855,6.5626,anonymous,FR,1,24.763,27.954,29.041,4,1,80,1,70,2,,3.068,59.16,60.092,5,2,0,2,20,1,Le fait que je n'ai pas pu voir la vidéo,,,,,,,,,,,,,,,,,,,,,,,,,,,,,,,,,,,,,,,,,,,,,,,,,,,,,,,,,,,,,,,,,,,,,,,,,,,,,,,,,,,,,,,,,,,,,,,,,,,,,,,,,,,,,,,,,,,,,,,,,,,,,,,,,,,,
2025-04-30 09:11:33,2025-04-30 09:16:36,0,128.179.137.65,80,302,0,2025-05-07 09:16:39,R_8z6EBGnjYjSK3av,,,,,47.2642,7.8057,anonymous,FR,1,2.689,48.484,50.444,18,1,64,1,46,2,,0.997,4.396,5.741,5,2,55,2,63,2,,0.851,5.483,5.901,6,1,68,1,61,2,,1.153,41.611,43.119,9,1,31,1,58,2,,1.424,6.391,9.066,8,1,21,2,32,2,,0.827,3.775,4.192,5,1,39,1,37,2,,1.324,4.257,4.858,7,2,13,2,17,2,,,,,,,,,,,,,,,,,,,,,,,,,,,,,,,,,,,,,,,,,,,,,,,,,,,,,,,,,,,,,,,,,,,,,,,,,,,,,,,,,,,
2025-04-30 09:15:33,2025-04-30 09:18:52,0,128.179.158.196,62,198,0,2025-05-07 09:19:00,R_8jsPWSPUkHqy3OV,,,,,46.5207,6.6428,anonymous,FR,1,2.019,48.845,50.381,4,2,64,2,70,1,,1.59,31.446,32.549,5,1,70,1,51,2,,5.733,20.706,21.965,7,2,52,2,90,1,,,,,,,,,,,,,,,,,,,,,,,,,,,,,,,,,,,,,,,,,,,,,,,,,,,,,,,,,,,,,,,,,,,,,,,,,,,,,,,,,,,,,,,,,,,,,,,,,,,,,,,,,,,,,,,,,,,,,,,,,,,
2025-04-30 09:19:15,2025-04-30 09:20:18,0,83.32.47.188,1,62,0,2025-05-07 09:20:20,R_281c9yrXtaQiSv7,,,,,40.412,-3.6871,anonymous,FR,,,,,,,,,,,,,,,,,,,,,,,,,,,,,,,,,,,,,,,,,,,,,,,,,,,,,,,,,,,,,,,,,,,,,,,,,,,,,,,,,,,,,,,,,,,,,,,,,,,,,,,,,,,,,,,,,,,,,,,,,,,,,,,,,,,,,,,,,,,,,,,,,,,,,,,,,
2025-04-30 09:44:05,2025-04-30 09:45:10,0,92.184.124.109,52,64,0,2025-05-07 09:45:12,R_8Al34e8UMnadaNP,,,,,48.6649,6.1782,anonymous,FR,1,2.984,9.561,10.006,6,1,9,1,30,1,,,,,,,,,,,,,,,,,,,,,,,,,,,,,,,,,,,,,,,,,,,,,,,,,,,,,,,,,,,,,,,,,,,,,,,,,,,,,,,,,,,,,,,,,,,,,,,,,,,,,,,,,,,,,,,,,,,,,,,,,,,,,,,,,,,,,,,,,,,,,,,
2025-04-30 10:17:36,2025-04-30 10:19:59,0,178.195.114.223,48,143,0,2025-05-07 10:20:01,R_305D24wjA8GoE3L,,,,,46.5614,6.875,anonymous,FR,1,,,,,,,,,,,,,,,,,,,,,,,,,,,,,,,,,,,,,,,,,,,,,,,,,,,,,,,,,,,,,,,,,,,,,,,,,,,,,,,,,,,,,,,,,,,,,,,,,,,,,,,,,,,,,,,,,,,,,,,,,,,,,,,,,,,,,,,,,,,,,,,,,,,,,,,,
2025-04-30 10:31:27,2025-04-30 10:33:39,0,89.217.246.175,52,131,0,2025-05-07 10:33:39,R_8n2el3Jmrv59nPX,,,,,46.5291,6.6838,anonymous,FR,1,2.88,40.366,41.104,3,1,91,,,,,,,,,,,,,,,,,,,,,,,,,,,,,,,,,,,,,,,,,,,,,,,,,,,,,,,,,,,,,,,,,,,,,,,,,,,,,,,,,,,,,,,,,,,,,,,1,91,2,,,,,,,,,,,,,,,,,,,,,,,,,,,,,,,,,,,,,,,,,,,,,,,,,
2025-04-30 10:39:44,2025-04-30 10:43:07,0,92.104.62.192,57,202,0,2025-05-07 10:43:08,R_8JS2mPF3n9C2wM1,,,,,46.5358,6.602,anonymous,FR,1,4.623,50.686,51.262,13,2,30,2,30,2,,1.555,44.094,44.642,6,1,23,1,39,1,"Je trouve que le feedback s’attarde beaucoup sur les détails ",,,,,,,,,,,,,,,,,,,,,,,,,,,,,,,,,,,,,,,,,,,,,,,,,,,,,,,,,,,,,,,,,,,,,,,,,,,,,,,,,,,,,,,,,,,,,,,,,,,,,,,,,,,,,,,,,,,,,,,,,,,,,,,,,,,,
2025-04-30 10:56:02,2025-04-30 11:01:23,0,88.170.199.30,54,321,0,2025-05-07 11:01:27,R_8mDD4p4EFpw1mpj,,,,,47.4972,7.166,anonymous,FR,1,1.801,98.831,100.045,19,2,70,,,,,2.5,66.597,69.062,8,1,92,,,,,,,,,,,,,,,,,,,,,,,,,,,,,,,,,,,,,,,,,,,,,,,,,,,,,,,,,,,,,,,,,,,,,,,,,,,,,,,,,,,,,2,50,1,"La voix étais très sérieux ",,,,,,,,,,,,,,,,,,,,,,,,,,,,,,,,,,,,,,,,,,,,,,,,
2025-04-30 10:57:53,2025-04-30 11:02:53,0,83.77.18.118,66,300,0,2025-05-07 11:02:59,R_2nBqOi6fG8MKH9I,,,,,46.488,6.607,anonymous,FR,1,1.377,35.957,36.939,12,1,75,2,69,1,"Analyse plus poussée ",2.277,38.57,39.4,8,1,85,1,63,2,,3.385,35.159,35.6,10,1,81,1,81,2,,2.294,38.75,39.114,7,1,62,1,70,2,,,,,,,,,,,,,,,,,,,,,,,,,,,,,,,,,,,,,,,,,,,,,,,,,,,,,,,,,,,,,,,,,,,,,,,,,,,,,,,,,,,,,,,,,,,,,,,,,,,,,,,,,,,,,,,,,
2025-04-30 12:09:20,2025-04-30 12:10:54,0,185.255.129.196,52,94,0,2025-05-07 12:10:55,R_2DHLadRSzyGcrdz,,,,,47.3643,8.5437,anonymous,FR,1,1.919,41.049,41.591,6,1,49,1,51,2,,,,,,,,,,,,,,,,,,,,,,,,,,,,,,,,,,,,,,,,,,,,,,,,,,,,,,,,,,,,,,,,,,,,,,,,,,,,,,,,,,,,,,,,,,,,,,,,,,,,,,,,,,,,,,,,,,,,,,,,,,,,,,,,,,,,,,,,,,,,,,,
2025-04-30 14:05:59,2025-04-30 14:06:58,0,213.55.223.67,50,59,0,2025-05-07 14:06:59,R_82tBjSazlCPAecc,,,,,46.8653,7.127,anonymous,FR,1,1.552,36.591,37.213,5,1,63,,,,,,,,,,,,,,,,,,,,,,,,,,,,,,,,,,,,,,,,,,,,,,,,,,,,,,,,,,,,,,,,,,,,,,,,,,,,,,,,,,,,,,,,,,,,,,,,,,,,,,,,,,,,,,,,,,,,,,,,,,,,,,,,,,,,,,,,,,,,,,,,,,
2025-04-30 15:47:38,2025-04-30 15:49:08,0,185.25.194.55,50,89,0,2025-05-07 15:49:08,R_21c7iVX8r8Ubc4I,,,,,46.4855,6.5626,anonymous,FR,1,4.446,41.249,42.772,14,2,69,,,,,,,,,,,,,,,,,,,,,,,,,,,,,,,,,,,,,,,,,,,,,,,,,,,,,,,,,,,,,,,,,,,,,,,,,,,,,,,,,,,,,,,,,,,,,,,,,,,,,,,,,,,,,,,,,,,,,,,,,,,,,,,,,,,,,,,,,,,,,,,,,,
2025-05-01 00:24:38,2025-05-01 00:40:02,0,41.248.211.183,71,923,0,2025-05-08 00:40:06,R_8q3DgZuuc4THuZA,,,,,34.0072,-6.8407,anonymous,FR,1,37.49,62.921,63.677,10,2,100,2,100,2,,42.101,46.282,46.963,4,2,100,2,100,2,,200.434,213.541,222.781,8,2,100,2,100,2,,39.235,44.534,45.463,4,1,100,1,100,2,,35.201,55.624,56.604,14,1,90,1,100,1,La précision du lieu et le genre de patient,,,,,,,,,,,,,,,,,,,,,,,,,,,,,,,,,,,,,,,,,,,,,,,,,,,,,,,,,,,,,,,,,,,,,,,,,,,,,,,,,,,,,,,,,,,,,,,,,,,,,,
2025-05-01 02:33:50,2025-05-01 02:35:37,0,194.230.158.59,52,106,0,2025-05-08 02:35:38,R_8X5KcdI9Nvu1nqN,,,,,46.5294,6.6123,anonymous,FR,1,33.702,47.001,48.148,5,2,70,2,70,2,,,,,,,,,,,,,,,,,,,,,,,,,,,,,,,,,,,,,,,,,,,,,,,,,,,,,,,,,,,,,,,,,,,,,,,,,,,,,,,,,,,,,,,,,,,,,,,,,,,,,,,,,,,,,,,,,,,,,,,,,,,,,,,,,,,,,,,,,,,,,,,
2025-05-01 03:03:16,2025-05-01 03:03:34,0,128.179.162.176,48,18,0,2025-05-08 03:03:36,R_8ezBkfXG3WLKv1m,,,,,46.5246,6.5697,anonymous,FR,1,,,,,,,,,,,,,,,,,,,,,,,,,,,,,,,,,,,,,,,,,,,,,,,,,,,,,,,,,,,,,,,,,,,,,,,,,,,,,,,,,,,,,,,,,,,,,,,,,,,,,,,,,,,,,,,,,,,,,,,,,,,,,,,,,,,,,,,,,,,,,,,,,,,,,,,,
2025-05-01 05:25:48,2025-05-01 05:27:05,0,185.25.193.138,50,76,0,2025-05-08 05:27:13,R_82i2ctneeRof9iT,,,,,46.4855,6.5626,anonymous,FR,1,3.689,34.577,39.002,4,1,81,,,,,,,,,,,,,,,,,,,,,,,,,,,,,,,,,,,,,,,,,,,,,,,,,,,,,,,,,,,,,,,,,,,,,,,,,,,,,,,,,,,,,,,,,,,,,,,,,,,,,,,,,,,,,,,,,,,,,,,,,,,,,,,,,,,,,,,,,,,,,,,,,,
2025-04-30 08:38:17,2025-05-01 05:57:54,0,128.179.200.249,76,76777,0,2025-05-08 05:57:55,R_7ZDs9PIo3FwPeSZ,,,,,46.4855,6.5626,anonymous,FR,1,5.466,31.021,32.634,4,2,72,,,,,26.956,28.963,29.898,2,1,71,,,,,10.032,12.366,13.407,2,1,46,,,,,12.052,14.151,15.121,2,2,65,,,,,4.228,7.225,8.8,2,1,40,,,,,7.601,13.09,13.912,4,2,21,,,,,,,,,,,,,,,,,,,,,,,,,,,,,,,,,,,,,,,,,,,,,2,83,2,,1,31,1,,2,26,1,,2,93,2,,1,82,2,,1,24,1,,,,,,,,,,,,,,,,,,,,,,,,,,,,,
2025-05-01 09:21:20,2025-05-01 09:24:50,0,74.56.167.176,57,209,0,2025-05-08 09:24:51,R_3XncmmFA5NoSxx3,,,,,48.5484,-71.3122,anonymous,FR,1,4.454,41.04,43.055,6,2,30,,,,,3.111,46.689,47.179,26,1,0,,,,,,,,,,,,,,,,,,,,,,,,,,,,,,,,,,,,,,,,,,,,,,,,,,,,,,,,,,,,,,,,,,,,,,,,,,,,,,,,,,,,,2,50,1,L'analyse de ce qu'il a dit en profondeur,2,4,2,Je n'avais pas de son sur la video,,,,,,,,,,,,,,,,,,,,,,,,,,,,,,,,,,,,,,,,,,,,
2025-05-01 09:28:12,2025-05-01 09:29:12,0,184.160.211.45,50,60,0,2025-05-08 09:29:18,R_69veVAdXKJ6URYR,,,,,48.4199,-71.0329,anonymous,FR,1,1.356,44.855,45.442,6,1,51,,,,,,,,,,,,,,,,,,,,,,,,,,,,,,,,,,,,,,,,,,,,,,,,,,,,,,,,,,,,,,,,,,,,,,,,,,,,,,,,,,,,,,,,,,,,,,,,,,,,,,,,,,,,,,,,,,,,,,,,,,,,,,,,,,,,,,,,,,,,,,,,,,
2025-05-01 09:41:13,2025-05-01 09:44:08,0,24.225.153.219,52,175,0,2025-05-08 09:44:13,R_5kuO3xRXqmStrH3,,,,,46.8066,-71.2201,anonymous,FR,1,45.507,49.775,54.468,2,2,9,,,,,,,,,,,,,,,,,,,,,,,,,,,,,,,,,,,,,,,,,,,,,,,,,,,,,,,,,,,,,,,,,,,,,,,,,,,,,,,,,,,,,,,,,,,,,,,2,50,1,,,,,,,,,,,,,,,,,,,,,,,,,,,,,,,,,,,,,,,,,,,,,,,,,
2025-05-01 09:53:15,2025-05-01 09:56:40,0,213.55.221.226,54,204,0,2025-05-08 09:56:44,R_2uaujShVduYmd9v,,,,,46.5388,6.5886,anonymous,FR,1,3.416,52.062,52.669,6,2,8,2,41,1,"L’argument des voitures est convainquant ",1.877,33.81,34.746,8,2,9,,,,,,,,,,,,,,,,,,,,,,,,,,,,,,,,,,,,,,,,,,,,,,,,,,,,,,,,,,,,,,,,,,,,,,,,,,,,,,,,,,,,,,,,,,,,,,,,,,,,,,,,,,,,,,,,,,,,,,,,,,,,,,,,,,,,,,,,
2025-05-01 11:03:18,2025-05-01 11:06:46,0,24.194.13.230,57,207,0,2025-05-08 11:06:50,R_3t2NeCvRFZpvWt9,,,,,42.1927,-73.3606,anonymous,FR,1,2.944,48.487,49.193,9,1,72,1,72,2,,2.701,61.386,62.127,6,1,75,1,79,2,,,,,,,,,,,,,,,,,,,,,,,,,,,,,,,,,,,,,,,,,,,,,,,,,,,,,,,,,,,,,,,,,,,,,,,,,,,,,,,,,,,,,,,,,,,,,,,,,,,,,,,,,,,,,,,,,,,,,,,,,,,,,,,,,,,,,
2025-05-01 12:51:48,2025-05-01 12:51:52,0,213.55.245.112,1,4,0,2025-05-08 12:51:53,R_5tIAZknoDvupmtX,,,,,46.1953,6.1385,anonymous,FR,,,,,,,,,,,,,,,,,,,,,,,,,,,,,,,,,,,,,,,,,,,,,,,,,,,,,,,,,,,,,,,,,,,,,,,,,,,,,,,,,,,,,,,,,,,,,,,,,,,,,,,,,,,,,,,,,,,,,,,,,,,,,,,,,,,,,,,,,,,,,,,,,,,,,,,,,
2025-05-01 17:17:19,2025-05-01 17:22:26,0,166.62.180.160,57,307,0,2025-05-08 17:22:32,R_7CB6IJFaPymG4AK,,,,,45.5789,-73.8818,anonymous,FR,1,18.86,45.948,47.084,5,2,73,2,73,2,,12.356,97.334,98.201,5,1,62,1,62,2,,,,,,,,,,,,,,,,,,,,,,,,,,,,,,,,,,,,,,,,,,,,,,,,,,,,,,,,,,,,,,,,,,,,,,,,,,,,,,,,,,,,,,,,,,,,,,,,,,,,,,,,,,,,,,,,,,,,,,,,,,,,,,,,,,,,,
2025-05-02 11:07:40,2025-05-02 11:07:51,0,92.184.105.122,48,10,0,2025-05-09 11:07:52,R_8dAn3pFhKSBHNU5,,,,,48.6822,6.1862,anonymous,FR,1,,,,,,,,,,,,,,,,,,,,,,,,,,,,,,,,,,,,,,,,,,,,,,,,,,,,,,,,,,,,,,,,,,,,,,,,,,,,,,,,,,,,,,,,,,,,,,,,,,,,,,,,,,,,,,,,,,,,,,,,,,,,,,,,,,,,,,,,,,,,,,,,,,,,,,,,
2025-05-02 18:20:45,2025-05-02 18:25:43,0,76.68.168.199,57,297,0,2025-05-09 18:25:44,R_3C7y3tPCLTCxyBq,,,,,48.4199,-71.0329,anonymous,FR,1,18.334,40.356,41.003,11,1,85,,,,,3.836,56.984,57.673,14,1,93,,,,,,,,,,,,,,,,,,,,,,,,,,,,,,,,,,,,,,,,,,,,,,,,,,,,,,,,,,,,,,,,,,,,,,,,,,,,,,,,,,,,,2,100,2,,1,98,2,,,,,,,,,,,,,,,,,,,,,,,,,,,,,,,,,,,,,,,,,,,,,
2025-05-02 10:37:49,2025-05-03 08:56:34,0,82.66.137.86,99,80325,0,2025-05-10 08:56:35,R_8q9IqUPOZghrjsQ,,,,,48.9247,2.3975,anonymous,FR,1,43.342,49.244,51.179,2,1,75,1,65,1,l'analyse des différents plans de l'image,62.728,71.734,72.374,6,1,70,1,70,2,,63.003,71.668,72.772,8,2,50,1,50,2,"Difficile, le petit rire à la fin fait penser qu'il peut y avoir manipulation",43.952,46.714,48.807,2,2,50,2,50,2,Une série de petits coups d'oeil vers le haut semblerait indiquer que la personne inventerait la situation.,1.893,36.15,37.662,3,2,50,2,50,2,"Une fois encore, la personne lève les yeux au moment d'indiquer un nombre de personnes dans la scène, comme s'il allait chercher la réponse dans sa tête plutôt que sur l'image.",37.762,40.932,42.571,2,1,50,2,50,2,la personne se gratte la tête après une hésitation,37.516,40.14,41.865,2,1,70,1,70,2,,43.598,46.336,47.768,2,1,60,2,60,2,,36.161,42.066,43.321,3,1,70,1,70,2,,39.315,42.733,43.834,2,2,50,2,50,2,On sent un petit rictus au milieu de la description avec un mouvement des yeux qui me ferait penser qu'il s'agit d'une invention,,,,,,,,,,,,,,,,,,,,,,,,,,,,,,,,,,,,,,,,,4,1,4,Informatique industrielle,France,4,2,"2,5,6,8,9",2,3,,
2025-05-11 10:42:51,2025-05-11 11:07:50,0,188.62.114.191,100,1498,1,2025-05-11 11:07:50,R_8GqnYpK7XiOdyCt,,,,,46.4941,6.5291,anonymous,FR,1,1.285,41.085,41.64,8,1,77,1,43,1,"Je ne voyais pas forcément l’image de manière ‘réaliste’ mais plus sous forme de dessin, croquis et je ne me basais pas sur les faits réels/probables. J’ai surtout regardé les mimiques de la personnes. Or, je pense que l’ia a simplement eu l’information du décors mais pas les mimiques ou la gestuelle ou encore si on parle d’une image réelle ou un dessin.. 
",1.247,55.19,55.846,8,1,64,1,37,2,,1.937,40.217,40.669,8,1,65,1,56,2,,1.715,36.188,36.5,5,2,63,2,51,1,"Je pense quand même que la personne ment ici.. malgré les descriptions et la cohérence comme le dit l’ia, la personne se répétait pour se rassurer de son récit ou alors regardait un peu en l’air comme pour trouver la suite de l’histoire ..",0.904,38.557,39.099,6,2,58,2,50,2,,1.6,39.801,40.353,8,2,60,2,53,1,"Je suis un peu moins sûre de ma réponse. ici, il ne s’agit pas d’une intelligence artificielle mais d’un humain qui pense que c’est vrai. Mais ce qui me perturbe un peu, c’est le fait qu’il ne prend pas en compte les mimiques. Par exemple, le fait que la personne elle dise il s’agit d’un gâteau donc c’est un dessert -> Je trouve ça un peu bizarre comme manière d’expliquer une histoire vraie car nous n’avons pas besoin de préciser que c’est un dessert…
Ou encore le langage corporel : le fait que la personne veut décrire une image qui semble être en face d’elle mais elle regardant l’air pour quand même avoir des réponses ..
",1.101,40.582,41.447,5,1,55,1,58,2,,1.041,40.422,41.426,8,2,40,2,40,1,"J’avais pensé que la personne ment car elle interprète beaucoup l’image sans forcément avoir de preuves concrètes, par Exemple, le fait que ce soit son père qui prend la photo car elle sourit beaucoup. Qu’est-ce qui peut lui dire que c’est vraiment son père et pas quelqu’un d’autre qui lui est cher ? Pour moi elle ne dit pas la vérité, Mais je suis un peu moins sûre de mon choix par rapport à la description faite par l’intelligence artificielle..",1.068,40.071,40.841,8,1,61,1,64,2,,1.03,40.665,41.683,9,2,53,2,62,1,"Cela a confirmé mon opinion, dans le sens où la personne à repérer les mêmes choses que moi. J’ajouterai à cela le fait que la personne hésite beaucoup à trouver les mots et il y a beaucoup beaucoup de tic du langage qui montre une certaine incertitude.",,,,,,,,,,,,,,,,,,,,,,,,,,,,,,,,,,,,,,,,,2,2,2,"Psychologie ","Suisse ",5,4,"1,2,3,4,5,8,10",2,4,2929,SONA
2025-05-05 08:33:37,2025-05-05 08:36:49,0,213.55.244.192,52,192,0,2025-05-12 08:36:50,R_1ZKNZX5lMpO8kB0,,,,,46.1953,6.1385,anonymous,FR,1,23.904,28.855,36.302,3,1,85,,,,,,,,,,,,,,,,,,,,,,,,,,,,,,,,,,,,,,,,,,,,,,,,,,,,,,,,,,,,,,,,,,,,,,,,,,,,,,,,,,,,,,,,,,,,,,,1,65,2,,,,,,,,,,,,,,,,,,,,,,,,,,,,,,,,,,,,,,,,,,,,,,,,,
